Domains,Campaign,Ref
ca-central-1.awsplatform.online,APT29-Midnight Blizzard Phishing Campaign Leverages Malicious RDP Files,"https://cert.gov.ua/article/6281076, https://www.microsoft.com/en-us/security/blog/2024/10/29/midnight-blizzard-conducts-large-scale-spear-phishing-campaign-using-rdp-files/"
ca-west-1.mfa-gov.cloud,APT29-Midnight Blizzard Phishing Campaign Leverages Malicious RDP Files,"https://cert.gov.ua/article/6281076, https://www.microsoft.com/en-us/security/blog/2024/10/29/midnight-blizzard-conducts-large-scale-spear-phishing-campaign-using-rdp-files/"
central-2-aws.ua-aws.army,APT29-Midnight Blizzard Phishing Campaign Leverages Malicious RDP Files,"https://cert.gov.ua/article/6281076, https://www.microsoft.com/en-us/security/blog/2024/10/29/midnight-blizzard-conducts-large-scale-spear-phishing-campaign-using-rdp-files/"
eu-central-1-aws.mfa-gov.cloud,APT29-Midnight Blizzard Phishing Campaign Leverages Malicious RDP Files,"https://cert.gov.ua/article/6281076, https://www.microsoft.com/en-us/security/blog/2024/10/29/midnight-blizzard-conducts-large-scale-spear-phishing-campaign-using-rdp-files/"
eu-central-1.mfa-gov.cloud,APT29-Midnight Blizzard Phishing Campaign Leverages Malicious RDP Files,"https://cert.gov.ua/article/6281076, https://www.microsoft.com/en-us/security/blog/2024/10/29/midnight-blizzard-conducts-large-scale-spear-phishing-campaign-using-rdp-files/"
eu-central-1.ukrtelecom.cloud,APT29-Midnight Blizzard Phishing Campaign Leverages Malicious RDP Files,"https://cert.gov.ua/article/6281076, https://www.microsoft.com/en-us/security/blog/2024/10/29/midnight-blizzard-conducts-large-scale-spear-phishing-campaign-using-rdp-files/"
eu-central-2-aws.ua-aws.army,APT29-Midnight Blizzard Phishing Campaign Leverages Malicious RDP Files,"https://cert.gov.ua/article/6281076, https://www.microsoft.com/en-us/security/blog/2024/10/29/midnight-blizzard-conducts-large-scale-spear-phishing-campaign-using-rdp-files/"
eu-north-1-aws.ua-energy.cloud,APT29-Midnight Blizzard Phishing Campaign Leverages Malicious RDP Files,"https://cert.gov.ua/article/6281076, https://www.microsoft.com/en-us/security/blog/2024/10/29/midnight-blizzard-conducts-large-scale-spear-phishing-campaign-using-rdp-files/"
eu-north-1-aws.ua-gov.cloud,APT29-Midnight Blizzard Phishing Campaign Leverages Malicious RDP Files,"https://cert.gov.ua/article/6281076, https://www.microsoft.com/en-us/security/blog/2024/10/29/midnight-blizzard-conducts-large-scale-spear-phishing-campaign-using-rdp-files/"
eu-south-1-aws.mfa-gov.cloud,APT29-Midnight Blizzard Phishing Campaign Leverages Malicious RDP Files,"https://cert.gov.ua/article/6281076, https://www.microsoft.com/en-us/security/blog/2024/10/29/midnight-blizzard-conducts-large-scale-spear-phishing-campaign-using-rdp-files/"
eu-south-2-aws.mfa-gov.cloud,APT29-Midnight Blizzard Phishing Campaign Leverages Malicious RDP Files,"https://cert.gov.ua/article/6281076, https://www.microsoft.com/en-us/security/blog/2024/10/29/midnight-blizzard-conducts-large-scale-spear-phishing-campaign-using-rdp-files/"
eu-southeast-1-aws.gov-ua.cloud,APT29-Midnight Blizzard Phishing Campaign Leverages Malicious RDP Files,"https://cert.gov.ua/article/6281076, https://www.microsoft.com/en-us/security/blog/2024/10/29/midnight-blizzard-conducts-large-scale-spear-phishing-campaign-using-rdp-files/"
eu-southeast-1-aws.govtr.cloud,APT29-Midnight Blizzard Phishing Campaign Leverages Malicious RDP Files,"https://cert.gov.ua/article/6281076, https://www.microsoft.com/en-us/security/blog/2024/10/29/midnight-blizzard-conducts-large-scale-spear-phishing-campaign-using-rdp-files/"
eu-southeast-1-aws.zero-trust.solutions,APT29-Midnight Blizzard Phishing Campaign Leverages Malicious RDP Files,"https://cert.gov.ua/article/6281076, https://www.microsoft.com/en-us/security/blog/2024/10/29/midnight-blizzard-conducts-large-scale-spear-phishing-campaign-using-rdp-files/"
us-east-1-aws.mfa-gov.cloud,APT29-Midnight Blizzard Phishing Campaign Leverages Malicious RDP Files,"https://cert.gov.ua/article/6281076, https://www.microsoft.com/en-us/security/blog/2024/10/29/midnight-blizzard-conducts-large-scale-spear-phishing-campaign-using-rdp-files/"
us-east-2-aws.ua-gov.cloud,APT29-Midnight Blizzard Phishing Campaign Leverages Malicious RDP Files,"https://cert.gov.ua/article/6281076, https://www.microsoft.com/en-us/security/blog/2024/10/29/midnight-blizzard-conducts-large-scale-spear-phishing-campaign-using-rdp-files/"
us-east-console.awsplatform.online,APT29-Midnight Blizzard Phishing Campaign Leverages Malicious RDP Files,"https://cert.gov.ua/article/6281076, https://www.microsoft.com/en-us/security/blog/2024/10/29/midnight-blizzard-conducts-large-scale-spear-phishing-campaign-using-rdp-files/"
us-west-1-amazon.ua-energy.cloud,APT29-Midnight Blizzard Phishing Campaign Leverages Malicious RDP Files,"https://cert.gov.ua/article/6281076, https://www.microsoft.com/en-us/security/blog/2024/10/29/midnight-blizzard-conducts-large-scale-spear-phishing-campaign-using-rdp-files/"
us-west-1.aws-ukraine.cloud,APT29-Midnight Blizzard Phishing Campaign Leverages Malicious RDP Files,"https://cert.gov.ua/article/6281076, https://www.microsoft.com/en-us/security/blog/2024/10/29/midnight-blizzard-conducts-large-scale-spear-phishing-campaign-using-rdp-files/"
us-west-1.ua-aws.army,APT29-Midnight Blizzard Phishing Campaign Leverages Malicious RDP Files,"https://cert.gov.ua/article/6281076, https://www.microsoft.com/en-us/security/blog/2024/10/29/midnight-blizzard-conducts-large-scale-spear-phishing-campaign-using-rdp-files/"
us-west-1.ukrtelecom.cloud,APT29-Midnight Blizzard Phishing Campaign Leverages Malicious RDP Files,"https://cert.gov.ua/article/6281076, https://www.microsoft.com/en-us/security/blog/2024/10/29/midnight-blizzard-conducts-large-scale-spear-phishing-campaign-using-rdp-files/"
us-west-2-aws.mfa-gov.cloud,APT29-Midnight Blizzard Phishing Campaign Leverages Malicious RDP Files,"https://cert.gov.ua/article/6281076, https://www.microsoft.com/en-us/security/blog/2024/10/29/midnight-blizzard-conducts-large-scale-spear-phishing-campaign-using-rdp-files/"
zero-trust.solutions,APT29-Midnight Blizzard Phishing Campaign Leverages Malicious RDP Files,"https://cert.gov.ua/article/6281076, https://www.microsoft.com/en-us/security/blog/2024/10/29/midnight-blizzard-conducts-large-scale-spear-phishing-campaign-using-rdp-files/"
ukrtelecom.cloud,APT29-Midnight Blizzard Phishing Campaign Leverages Malicious RDP Files,"https://cert.gov.ua/article/6281076, https://www.microsoft.com/en-us/security/blog/2024/10/29/midnight-blizzard-conducts-large-scale-spear-phishing-campaign-using-rdp-files/"
awsplatform.online,APT29-Midnight Blizzard Phishing Campaign Leverages Malicious RDP Files,"https://cert.gov.ua/article/6281076, https://www.microsoft.com/en-us/security/blog/2024/10/29/midnight-blizzard-conducts-large-scale-spear-phishing-campaign-using-rdp-files/"
aws-ukraine.cloud,APT29-Midnight Blizzard Phishing Campaign Leverages Malicious RDP Files,"https://cert.gov.ua/article/6281076, https://www.microsoft.com/en-us/security/blog/2024/10/29/midnight-blizzard-conducts-large-scale-spear-phishing-campaign-using-rdp-files/"
aws-s3.cloud,APT29-Midnight Blizzard Phishing Campaign Leverages Malicious RDP Files,"https://cert.gov.ua/article/6281076, https://www.microsoft.com/en-us/security/blog/2024/10/29/midnight-blizzard-conducts-large-scale-spear-phishing-campaign-using-rdp-files/"
aws-meet.cloud,APT29-Midnight Blizzard Phishing Campaign Leverages Malicious RDP Files,"https://cert.gov.ua/article/6281076, https://www.microsoft.com/en-us/security/blog/2024/10/29/midnight-blizzard-conducts-large-scale-spear-phishing-campaign-using-rdp-files/"
aws-il.cloud,APT29-Midnight Blizzard Phishing Campaign Leverages Malicious RDP Files,"https://cert.gov.ua/article/6281076, https://www.microsoft.com/en-us/security/blog/2024/10/29/midnight-blizzard-conducts-large-scale-spear-phishing-campaign-using-rdp-files/"
aws-data.cloud,APT29-Midnight Blizzard Phishing Campaign Leverages Malicious RDP Files,"https://cert.gov.ua/article/6281076, https://www.microsoft.com/en-us/security/blog/2024/10/29/midnight-blizzard-conducts-large-scale-spear-phishing-campaign-using-rdp-files/"
aws-meetings.cloud,APT29-Midnight Blizzard Phishing Campaign Leverages Malicious RDP Files,"https://cert.gov.ua/article/6281076, https://www.microsoft.com/en-us/security/blog/2024/10/29/midnight-blizzard-conducts-large-scale-spear-phishing-campaign-using-rdp-files/"
aws-secure.cloud,APT29-Midnight Blizzard Phishing Campaign Leverages Malicious RDP Files,"https://cert.gov.ua/article/6281076, https://www.microsoft.com/en-us/security/blog/2024/10/29/midnight-blizzard-conducts-large-scale-spear-phishing-campaign-using-rdp-files/"
aws-join.cloud,APT29-Midnight Blizzard Phishing Campaign Leverages Malicious RDP Files,"https://cert.gov.ua/article/6281076, https://www.microsoft.com/en-us/security/blog/2024/10/29/midnight-blizzard-conducts-large-scale-spear-phishing-campaign-using-rdp-files/"
aws-online.cloud,APT29-Midnight Blizzard Phishing Campaign Leverages Malicious RDP Files,"https://cert.gov.ua/article/6281076, https://www.microsoft.com/en-us/security/blog/2024/10/29/midnight-blizzard-conducts-large-scale-spear-phishing-campaign-using-rdp-files/"
gov-au.cloud,APT29-Midnight Blizzard Phishing Campaign Leverages Malicious RDP Files,"https://cert.gov.ua/article/6281076, https://www.microsoft.com/en-us/security/blog/2024/10/29/midnight-blizzard-conducts-large-scale-spear-phishing-campaign-using-rdp-files/"
gov-aws.cloud,APT29-Midnight Blizzard Phishing Campaign Leverages Malicious RDP Files,"https://cert.gov.ua/article/6281076, https://www.microsoft.com/en-us/security/blog/2024/10/29/midnight-blizzard-conducts-large-scale-spear-phishing-campaign-using-rdp-files/"
gov-fi.cloud,APT29-Midnight Blizzard Phishing Campaign Leverages Malicious RDP Files,"https://cert.gov.ua/article/6281076, https://www.microsoft.com/en-us/security/blog/2024/10/29/midnight-blizzard-conducts-large-scale-spear-phishing-campaign-using-rdp-files/"
gov-gr.cloud,APT29-Midnight Blizzard Phishing Campaign Leverages Malicious RDP Files,"https://cert.gov.ua/article/6281076, https://www.microsoft.com/en-us/security/blog/2024/10/29/midnight-blizzard-conducts-large-scale-spear-phishing-campaign-using-rdp-files/"
gov-lt.cloud,APT29-Midnight Blizzard Phishing Campaign Leverages Malicious RDP Files,"https://cert.gov.ua/article/6281076, https://www.microsoft.com/en-us/security/blog/2024/10/29/midnight-blizzard-conducts-large-scale-spear-phishing-campaign-using-rdp-files/"
gov-lv.cloud,APT29-Midnight Blizzard Phishing Campaign Leverages Malicious RDP Files,"https://cert.gov.ua/article/6281076, https://www.microsoft.com/en-us/security/blog/2024/10/29/midnight-blizzard-conducts-large-scale-spear-phishing-campaign-using-rdp-files/"
gov-pl.cloud,APT29-Midnight Blizzard Phishing Campaign Leverages Malicious RDP Files,"https://cert.gov.ua/article/6281076, https://www.microsoft.com/en-us/security/blog/2024/10/29/midnight-blizzard-conducts-large-scale-spear-phishing-campaign-using-rdp-files/"
gov-sk.cloud,APT29-Midnight Blizzard Phishing Campaign Leverages Malicious RDP Files,"https://cert.gov.ua/article/6281076, https://www.microsoft.com/en-us/security/blog/2024/10/29/midnight-blizzard-conducts-large-scale-spear-phishing-campaign-using-rdp-files/"
gov-trust.cloud,APT29-Midnight Blizzard Phishing Campaign Leverages Malicious RDP Files,"https://cert.gov.ua/article/6281076, https://www.microsoft.com/en-us/security/blog/2024/10/29/midnight-blizzard-conducts-large-scale-spear-phishing-campaign-using-rdp-files/"
gov-ua.cloud,APT29-Midnight Blizzard Phishing Campaign Leverages Malicious RDP Files,"https://cert.gov.ua/article/6281076, https://www.microsoft.com/en-us/security/blog/2024/10/29/midnight-blizzard-conducts-large-scale-spear-phishing-campaign-using-rdp-files/"
govps.cloud,APT29-Midnight Blizzard Phishing Campaign Leverages Malicious RDP Files,"https://cert.gov.ua/article/6281076, https://www.microsoft.com/en-us/security/blog/2024/10/29/midnight-blizzard-conducts-large-scale-spear-phishing-campaign-using-rdp-files/"
govtr.cloud,APT29-Midnight Blizzard Phishing Campaign Leverages Malicious RDP Files,"https://cert.gov.ua/article/6281076, https://www.microsoft.com/en-us/security/blog/2024/10/29/midnight-blizzard-conducts-large-scale-spear-phishing-campaign-using-rdp-files/"
govua.cloud,APT29-Midnight Blizzard Phishing Campaign Leverages Malicious RDP Files,"https://cert.gov.ua/article/6281076, https://www.microsoft.com/en-us/security/blog/2024/10/29/midnight-blizzard-conducts-large-scale-spear-phishing-campaign-using-rdp-files/"
eru-gov.cloud,APT29-Midnight Blizzard Phishing Campaign Leverages Malicious RDP Files,"https://cert.gov.ua/article/6281076, https://www.microsoft.com/en-us/security/blog/2024/10/29/midnight-blizzard-conducts-large-scale-spear-phishing-campaign-using-rdp-files/"
feedzai-gov.cloud,APT29-Midnight Blizzard Phishing Campaign Leverages Malicious RDP Files,"https://cert.gov.ua/article/6281076, https://www.microsoft.com/en-us/security/blog/2024/10/29/midnight-blizzard-conducts-large-scale-spear-phishing-campaign-using-rdp-files/"
md-gov.cloud,APT29-Midnight Blizzard Phishing Campaign Leverages Malicious RDP Files,"https://cert.gov.ua/article/6281076, https://www.microsoft.com/en-us/security/blog/2024/10/29/midnight-blizzard-conducts-large-scale-spear-phishing-campaign-using-rdp-files/"
mf-gov.cloud,APT29-Midnight Blizzard Phishing Campaign Leverages Malicious RDP Files,"https://cert.gov.ua/article/6281076, https://www.microsoft.com/en-us/security/blog/2024/10/29/midnight-blizzard-conducts-large-scale-spear-phishing-campaign-using-rdp-files/"
mo-gov.cloud,APT29-Midnight Blizzard Phishing Campaign Leverages Malicious RDP Files,"https://cert.gov.ua/article/6281076, https://www.microsoft.com/en-us/security/blog/2024/10/29/midnight-blizzard-conducts-large-scale-spear-phishing-campaign-using-rdp-files/"
mpo-gov.cloud,APT29-Midnight Blizzard Phishing Campaign Leverages Malicious RDP Files,"https://cert.gov.ua/article/6281076, https://www.microsoft.com/en-us/security/blog/2024/10/29/midnight-blizzard-conducts-large-scale-spear-phishing-campaign-using-rdp-files/"
mpsv-gov.cloud,APT29-Midnight Blizzard Phishing Campaign Leverages Malicious RDP Files,"https://cert.gov.ua/article/6281076, https://www.microsoft.com/en-us/security/blog/2024/10/29/midnight-blizzard-conducts-large-scale-spear-phishing-campaign-using-rdp-files/"
msmt-gov.cloud,APT29-Midnight Blizzard Phishing Campaign Leverages Malicious RDP Files,"https://cert.gov.ua/article/6281076, https://www.microsoft.com/en-us/security/blog/2024/10/29/midnight-blizzard-conducts-large-scale-spear-phishing-campaign-using-rdp-files/"
mv-gov.cloud,APT29-Midnight Blizzard Phishing Campaign Leverages Malicious RDP Files,"https://cert.gov.ua/article/6281076, https://www.microsoft.com/en-us/security/blog/2024/10/29/midnight-blizzard-conducts-large-scale-spear-phishing-campaign-using-rdp-files/"
my-gov.cloud,APT29-Midnight Blizzard Phishing Campaign Leverages Malicious RDP Files,"https://cert.gov.ua/article/6281076, https://www.microsoft.com/en-us/security/blog/2024/10/29/midnight-blizzard-conducts-large-scale-spear-phishing-campaign-using-rdp-files/"
mzd-gov.cloud,APT29-Midnight Blizzard Phishing Campaign Leverages Malicious RDP Files,"https://cert.gov.ua/article/6281076, https://www.microsoft.com/en-us/security/blog/2024/10/29/midnight-blizzard-conducts-large-scale-spear-phishing-campaign-using-rdp-files/"
mze-gov.cloud,APT29-Midnight Blizzard Phishing Campaign Leverages Malicious RDP Files,"https://cert.gov.ua/article/6281076, https://www.microsoft.com/en-us/security/blog/2024/10/29/midnight-blizzard-conducts-large-scale-spear-phishing-campaign-using-rdp-files/"
mzp-gov.cloud,APT29-Midnight Blizzard Phishing Campaign Leverages Malicious RDP Files,"https://cert.gov.ua/article/6281076, https://www.microsoft.com/en-us/security/blog/2024/10/29/midnight-blizzard-conducts-large-scale-spear-phishing-campaign-using-rdp-files/"
mzv-gov.cloud,APT29-Midnight Blizzard Phishing Campaign Leverages Malicious RDP Files,"https://cert.gov.ua/article/6281076, https://www.microsoft.com/en-us/security/blog/2024/10/29/midnight-blizzard-conducts-large-scale-spear-phishing-campaign-using-rdp-files/"
nakit-gov.cloud,APT29-Midnight Blizzard Phishing Campaign Leverages Malicious RDP Files,"https://cert.gov.ua/article/6281076, https://www.microsoft.com/en-us/security/blog/2024/10/29/midnight-blizzard-conducts-large-scale-spear-phishing-campaign-using-rdp-files/"
nbu-gov.cloud,APT29-Midnight Blizzard Phishing Campaign Leverages Malicious RDP Files,"https://cert.gov.ua/article/6281076, https://www.microsoft.com/en-us/security/blog/2024/10/29/midnight-blizzard-conducts-large-scale-spear-phishing-campaign-using-rdp-files/"
nukib-gov.cloud,APT29-Midnight Blizzard Phishing Campaign Leverages Malicious RDP Files,"https://cert.gov.ua/article/6281076, https://www.microsoft.com/en-us/security/blog/2024/10/29/midnight-blizzard-conducts-large-scale-spear-phishing-campaign-using-rdp-files/"
policie-gov.cloud,APT29-Midnight Blizzard Phishing Campaign Leverages Malicious RDP Files,"https://cert.gov.ua/article/6281076, https://www.microsoft.com/en-us/security/blog/2024/10/29/midnight-blizzard-conducts-large-scale-spear-phishing-campaign-using-rdp-files/"
mmr-gov.cloud,APT29-Midnight Blizzard Phishing Campaign Leverages Malicious RDP Files,"https://cert.gov.ua/article/6281076, https://www.microsoft.com/en-us/security/blog/2024/10/29/midnight-blizzard-conducts-large-scale-spear-phishing-campaign-using-rdp-files/"
uohs-gov.cloud,APT29-Midnight Blizzard Phishing Campaign Leverages Malicious RDP Files,"https://cert.gov.ua/article/6281076, https://www.microsoft.com/en-us/security/blog/2024/10/29/midnight-blizzard-conducts-large-scale-spear-phishing-campaign-using-rdp-files/"
uoou-gov.cloud,APT29-Midnight Blizzard Phishing Campaign Leverages Malicious RDP Files,"https://cert.gov.ua/article/6281076, https://www.microsoft.com/en-us/security/blog/2024/10/29/midnight-blizzard-conducts-large-scale-spear-phishing-campaign-using-rdp-files/"
vlada-gov.cloud,APT29-Midnight Blizzard Phishing Campaign Leverages Malicious RDP Files,"https://cert.gov.ua/article/6281076, https://www.microsoft.com/en-us/security/blog/2024/10/29/midnight-blizzard-conducts-large-scale-spear-phishing-campaign-using-rdp-files/"
voa-gov.cloud,APT29-Midnight Blizzard Phishing Campaign Leverages Malicious RDP Files,"https://cert.gov.ua/article/6281076, https://www.microsoft.com/en-us/security/blog/2024/10/29/midnight-blizzard-conducts-large-scale-spear-phishing-campaign-using-rdp-files/"
mil-be.cloud,APT29-Midnight Blizzard Phishing Campaign Leverages Malicious RDP Files,"https://cert.gov.ua/article/6281076, https://www.microsoft.com/en-us/security/blog/2024/10/29/midnight-blizzard-conducts-large-scale-spear-phishing-campaign-using-rdp-files/"
mil-ee.cloud,APT29-Midnight Blizzard Phishing Campaign Leverages Malicious RDP Files,"https://cert.gov.ua/article/6281076, https://www.microsoft.com/en-us/security/blog/2024/10/29/midnight-blizzard-conducts-large-scale-spear-phishing-campaign-using-rdp-files/"
mil-pl.cloud,APT29-Midnight Blizzard Phishing Campaign Leverages Malicious RDP Files,"https://cert.gov.ua/article/6281076, https://www.microsoft.com/en-us/security/blog/2024/10/29/midnight-blizzard-conducts-large-scale-spear-phishing-campaign-using-rdp-files/"
mil-pt.cloud,APT29-Midnight Blizzard Phishing Campaign Leverages Malicious RDP Files,"https://cert.gov.ua/article/6281076, https://www.microsoft.com/en-us/security/blog/2024/10/29/midnight-blizzard-conducts-large-scale-spear-phishing-campaign-using-rdp-files/"
s3-acronis.cloud,APT29-Midnight Blizzard Phishing Campaign Leverages Malicious RDP Files,"https://cert.gov.ua/article/6281076, https://www.microsoft.com/en-us/security/blog/2024/10/29/midnight-blizzard-conducts-large-scale-spear-phishing-campaign-using-rdp-files/"
s3-army.cloud,APT29-Midnight Blizzard Phishing Campaign Leverages Malicious RDP Files,"https://cert.gov.ua/article/6281076, https://www.microsoft.com/en-us/security/blog/2024/10/29/midnight-blizzard-conducts-large-scale-spear-phishing-campaign-using-rdp-files/"
s3-atlassian.cloud,APT29-Midnight Blizzard Phishing Campaign Leverages Malicious RDP Files,"https://cert.gov.ua/article/6281076, https://www.microsoft.com/en-us/security/blog/2024/10/29/midnight-blizzard-conducts-large-scale-spear-phishing-campaign-using-rdp-files/"
s3-aws.cloud,APT29-Midnight Blizzard Phishing Campaign Leverages Malicious RDP Files,"https://cert.gov.ua/article/6281076, https://www.microsoft.com/en-us/security/blog/2024/10/29/midnight-blizzard-conducts-large-scale-spear-phishing-campaign-using-rdp-files/"
s3-bah.cloud,APT29-Midnight Blizzard Phishing Campaign Leverages Malicious RDP Files,"https://cert.gov.ua/article/6281076, https://www.microsoft.com/en-us/security/blog/2024/10/29/midnight-blizzard-conducts-large-scale-spear-phishing-campaign-using-rdp-files/"
s3-be.cloud,APT29-Midnight Blizzard Phishing Campaign Leverages Malicious RDP Files,"https://cert.gov.ua/article/6281076, https://www.microsoft.com/en-us/security/blog/2024/10/29/midnight-blizzard-conducts-large-scale-spear-phishing-campaign-using-rdp-files/"
s3-blackberry.cloud,APT29-Midnight Blizzard Phishing Campaign Leverages Malicious RDP Files,"https://cert.gov.ua/article/6281076, https://www.microsoft.com/en-us/security/blog/2024/10/29/midnight-blizzard-conducts-large-scale-spear-phishing-campaign-using-rdp-files/"
s3-csis.cloud,APT29-Midnight Blizzard Phishing Campaign Leverages Malicious RDP Files,"https://cert.gov.ua/article/6281076, https://www.microsoft.com/en-us/security/blog/2024/10/29/midnight-blizzard-conducts-large-scale-spear-phishing-campaign-using-rdp-files/"
s3-de.cloud,APT29-Midnight Blizzard Phishing Campaign Leverages Malicious RDP Files,"https://cert.gov.ua/article/6281076, https://www.microsoft.com/en-us/security/blog/2024/10/29/midnight-blizzard-conducts-large-scale-spear-phishing-campaign-using-rdp-files/"
s3-dgap.cloud,APT29-Midnight Blizzard Phishing Campaign Leverages Malicious RDP Files,"https://cert.gov.ua/article/6281076, https://www.microsoft.com/en-us/security/blog/2024/10/29/midnight-blizzard-conducts-large-scale-spear-phishing-campaign-using-rdp-files/"
s3-dk.cloud,APT29-Midnight Blizzard Phishing Campaign Leverages Malicious RDP Files,"https://cert.gov.ua/article/6281076, https://www.microsoft.com/en-us/security/blog/2024/10/29/midnight-blizzard-conducts-large-scale-spear-phishing-campaign-using-rdp-files/"
s3-dnc.cloud,APT29-Midnight Blizzard Phishing Campaign Leverages Malicious RDP Files,"https://cert.gov.ua/article/6281076, https://www.microsoft.com/en-us/security/blog/2024/10/29/midnight-blizzard-conducts-large-scale-spear-phishing-campaign-using-rdp-files/"
s3-esa.cloud,APT29-Midnight Blizzard Phishing Campaign Leverages Malicious RDP Files,"https://cert.gov.ua/article/6281076, https://www.microsoft.com/en-us/security/blog/2024/10/29/midnight-blizzard-conducts-large-scale-spear-phishing-campaign-using-rdp-files/"
s3-fbi.cloud,APT29-Midnight Blizzard Phishing Campaign Leverages Malicious RDP Files,"https://cert.gov.ua/article/6281076, https://www.microsoft.com/en-us/security/blog/2024/10/29/midnight-blizzard-conducts-large-scale-spear-phishing-campaign-using-rdp-files/"
s3-hudson.cloud,APT29-Midnight Blizzard Phishing Campaign Leverages Malicious RDP Files,"https://cert.gov.ua/article/6281076, https://www.microsoft.com/en-us/security/blog/2024/10/29/midnight-blizzard-conducts-large-scale-spear-phishing-campaign-using-rdp-files/"
s3-ida.cloud,APT29-Midnight Blizzard Phishing Campaign Leverages Malicious RDP Files,"https://cert.gov.ua/article/6281076, https://www.microsoft.com/en-us/security/blog/2024/10/29/midnight-blizzard-conducts-large-scale-spear-phishing-campaign-using-rdp-files/"
s3-iri.cloud,APT29-Midnight Blizzard Phishing Campaign Leverages Malicious RDP Files,"https://cert.gov.ua/article/6281076, https://www.microsoft.com/en-us/security/blog/2024/10/29/midnight-blizzard-conducts-large-scale-spear-phishing-campaign-using-rdp-files/"
s3-knowbe4.cloud,APT29-Midnight Blizzard Phishing Campaign Leverages Malicious RDP Files,"https://cert.gov.ua/article/6281076, https://www.microsoft.com/en-us/security/blog/2024/10/29/midnight-blizzard-conducts-large-scale-spear-phishing-campaign-using-rdp-files/"
s3-marcus.cloud,APT29-Midnight Blizzard Phishing Campaign Leverages Malicious RDP Files,"https://cert.gov.ua/article/6281076, https://www.microsoft.com/en-us/security/blog/2024/10/29/midnight-blizzard-conducts-large-scale-spear-phishing-campaign-using-rdp-files/"
s3-monitoring.cloud,APT29-Midnight Blizzard Phishing Campaign Leverages Malicious RDP Files,"https://cert.gov.ua/article/6281076, https://www.microsoft.com/en-us/security/blog/2024/10/29/midnight-blizzard-conducts-large-scale-spear-phishing-campaign-using-rdp-files/"
s3-nato.cloud,APT29-Midnight Blizzard Phishing Campaign Leverages Malicious RDP Files,"https://cert.gov.ua/article/6281076, https://www.microsoft.com/en-us/security/blog/2024/10/29/midnight-blizzard-conducts-large-scale-spear-phishing-campaign-using-rdp-files/"
s3-ned.cloud,APT29-Midnight Blizzard Phishing Campaign Leverages Malicious RDP Files,"https://cert.gov.ua/article/6281076, https://www.microsoft.com/en-us/security/blog/2024/10/29/midnight-blizzard-conducts-large-scale-spear-phishing-campaign-using-rdp-files/"
s3-nsa.cloud,APT29-Midnight Blizzard Phishing Campaign Leverages Malicious RDP Files,"https://cert.gov.ua/article/6281076, https://www.microsoft.com/en-us/security/blog/2024/10/29/midnight-blizzard-conducts-large-scale-spear-phishing-campaign-using-rdp-files/"
s3-proofpoint.cloud,APT29-Midnight Blizzard Phishing Campaign Leverages Malicious RDP Files,"https://cert.gov.ua/article/6281076, https://www.microsoft.com/en-us/security/blog/2024/10/29/midnight-blizzard-conducts-large-scale-spear-phishing-campaign-using-rdp-files/"
s3-pt.cloud,APT29-Midnight Blizzard Phishing Campaign Leverages Malicious RDP Files,"https://cert.gov.ua/article/6281076, https://www.microsoft.com/en-us/security/blog/2024/10/29/midnight-blizzard-conducts-large-scale-spear-phishing-campaign-using-rdp-files/"
s3-rackspace.cloud,APT29-Midnight Blizzard Phishing Campaign Leverages Malicious RDP Files,"https://cert.gov.ua/article/6281076, https://www.microsoft.com/en-us/security/blog/2024/10/29/midnight-blizzard-conducts-large-scale-spear-phishing-campaign-using-rdp-files/"
s3-rand.cloud,APT29-Midnight Blizzard Phishing Campaign Leverages Malicious RDP Files,"https://cert.gov.ua/article/6281076, https://www.microsoft.com/en-us/security/blog/2024/10/29/midnight-blizzard-conducts-large-scale-spear-phishing-campaign-using-rdp-files/"
s3-spacex.cloud,APT29-Midnight Blizzard Phishing Campaign Leverages Malicious RDP Files,"https://cert.gov.ua/article/6281076, https://www.microsoft.com/en-us/security/blog/2024/10/29/midnight-blizzard-conducts-large-scale-spear-phishing-campaign-using-rdp-files/"
s3-state.cloud,APT29-Midnight Blizzard Phishing Campaign Leverages Malicious RDP Files,"https://cert.gov.ua/article/6281076, https://www.microsoft.com/en-us/security/blog/2024/10/29/midnight-blizzard-conducts-large-scale-spear-phishing-campaign-using-rdp-files/"
s3-stig.cloud,APT29-Midnight Blizzard Phishing Campaign Leverages Malicious RDP Files,"https://cert.gov.ua/article/6281076, https://www.microsoft.com/en-us/security/blog/2024/10/29/midnight-blizzard-conducts-large-scale-spear-phishing-campaign-using-rdp-files/"
s3-ua.cloud,APT29-Midnight Blizzard Phishing Campaign Leverages Malicious RDP Files,"https://cert.gov.ua/article/6281076, https://www.microsoft.com/en-us/security/blog/2024/10/29/midnight-blizzard-conducts-large-scale-spear-phishing-campaign-using-rdp-files/"
s3-ucia.cloud,APT29-Midnight Blizzard Phishing Campaign Leverages Malicious RDP Files,"https://cert.gov.ua/article/6281076, https://www.microsoft.com/en-us/security/blog/2024/10/29/midnight-blizzard-conducts-large-scale-spear-phishing-campaign-using-rdp-files/"
s3-zoho.cloud,APT29-Midnight Blizzard Phishing Campaign Leverages Malicious RDP Files,"https://cert.gov.ua/article/6281076, https://www.microsoft.com/en-us/security/blog/2024/10/29/midnight-blizzard-conducts-large-scale-spear-phishing-campaign-using-rdp-files/"
ua-aws.army,APT29-Midnight Blizzard Phishing Campaign Leverages Malicious RDP Files,"https://cert.gov.ua/article/6281076, https://www.microsoft.com/en-us/security/blog/2024/10/29/midnight-blizzard-conducts-large-scale-spear-phishing-campaign-using-rdp-files/"
ua-energy.cloud,APT29-Midnight Blizzard Phishing Campaign Leverages Malicious RDP Files,"https://cert.gov.ua/article/6281076, https://www.microsoft.com/en-us/security/blog/2024/10/29/midnight-blizzard-conducts-large-scale-spear-phishing-campaign-using-rdp-files/"
ua-mil.cloud,APT29-Midnight Blizzard Phishing Campaign Leverages Malicious RDP Files,"https://cert.gov.ua/article/6281076, https://www.microsoft.com/en-us/security/blog/2024/10/29/midnight-blizzard-conducts-large-scale-spear-phishing-campaign-using-rdp-files/"
ua-sec.cloud,APT29-Midnight Blizzard Phishing Campaign Leverages Malicious RDP Files,"https://cert.gov.ua/article/6281076, https://www.microsoft.com/en-us/security/blog/2024/10/29/midnight-blizzard-conducts-large-scale-spear-phishing-campaign-using-rdp-files/"
ua-se.cloud,APT29-Midnight Blizzard Phishing Campaign Leverages Malicious RDP Files,"https://cert.gov.ua/article/6281076, https://www.microsoft.com/en-us/security/blog/2024/10/29/midnight-blizzard-conducts-large-scale-spear-phishing-campaign-using-rdp-files/"
ua-sn.cloud,APT29-Midnight Blizzard Phishing Campaign Leverages Malicious RDP Files,"https://cert.gov.ua/article/6281076, https://www.microsoft.com/en-us/security/blog/2024/10/29/midnight-blizzard-conducts-large-scale-spear-phishing-campaign-using-rdp-files/"
ap-northeast-1-aws.s3-ua.cloud,APT29-Midnight Blizzard Phishing Campaign Leverages Malicious RDP Files,"https://cert.gov.ua/article/6281076, https://www.microsoft.com/en-us/security/blog/2024/10/29/midnight-blizzard-conducts-large-scale-spear-phishing-campaign-using-rdp-files/"
ap-northeast-1-aws.ukrainesec.cloud,APT29-Midnight Blizzard Phishing Campaign Leverages Malicious RDP Files,"https://cert.gov.ua/article/6281076, https://www.microsoft.com/en-us/security/blog/2024/10/29/midnight-blizzard-conducts-large-scale-spear-phishing-campaign-using-rdp-files/"
ca-central-1.gov-ua.cloud,APT29-Midnight Blizzard Phishing Campaign Leverages Malicious RDP Files,"https://cert.gov.ua/article/6281076, https://www.microsoft.com/en-us/security/blog/2024/10/29/midnight-blizzard-conducts-large-scale-spear-phishing-campaign-using-rdp-files/"
ca-central-1.ua-gov.cloud,APT29-Midnight Blizzard Phishing Campaign Leverages Malicious RDP Files,"https://cert.gov.ua/article/6281076, https://www.microsoft.com/en-us/security/blog/2024/10/29/midnight-blizzard-conducts-large-scale-spear-phishing-campaign-using-rdp-files/"
ca-west-1.aws-ukraine.cloud,APT29-Midnight Blizzard Phishing Campaign Leverages Malicious RDP Files,"https://cert.gov.ua/article/6281076, https://www.microsoft.com/en-us/security/blog/2024/10/29/midnight-blizzard-conducts-large-scale-spear-phishing-campaign-using-rdp-files/"
ca-west-1.ukrtelecom.cloud,APT29-Midnight Blizzard Phishing Campaign Leverages Malicious RDP Files,"https://cert.gov.ua/article/6281076, https://www.microsoft.com/en-us/security/blog/2024/10/29/midnight-blizzard-conducts-large-scale-spear-phishing-campaign-using-rdp-files/"
central-2-aws.ua-mil.cloud,APT29-Midnight Blizzard Phishing Campaign Leverages Malicious RDP Files,"https://cert.gov.ua/article/6281076, https://www.microsoft.com/en-us/security/blog/2024/10/29/midnight-blizzard-conducts-large-scale-spear-phishing-campaign-using-rdp-files/"
central-2-aws.ua-sec.cloud,APT29-Midnight Blizzard Phishing Campaign Leverages Malicious RDP Files,"https://cert.gov.ua/article/6281076, https://www.microsoft.com/en-us/security/blog/2024/10/29/midnight-blizzard-conducts-large-scale-spear-phishing-campaign-using-rdp-files/"
central-2-aws.ukrainesec.cloud,APT29-Midnight Blizzard Phishing Campaign Leverages Malicious RDP Files,"https://cert.gov.ua/article/6281076, https://www.microsoft.com/en-us/security/blog/2024/10/29/midnight-blizzard-conducts-large-scale-spear-phishing-campaign-using-rdp-files/"
central-2-aws.ukrtelecom.cloud,APT29-Midnight Blizzard Phishing Campaign Leverages Malicious RDP Files,"https://cert.gov.ua/article/6281076, https://www.microsoft.com/en-us/security/blog/2024/10/29/midnight-blizzard-conducts-large-scale-spear-phishing-campaign-using-rdp-files/"
eu-central-1.difesa-it.cloud,APT29-Midnight Blizzard Phishing Campaign Leverages Malicious RDP Files,"https://cert.gov.ua/article/6281076, https://www.microsoft.com/en-us/security/blog/2024/10/29/midnight-blizzard-conducts-large-scale-spear-phishing-campaign-using-rdp-files/"
eu-central-1.mil-be.cloud,APT29-Midnight Blizzard Phishing Campaign Leverages Malicious RDP Files,"https://cert.gov.ua/article/6281076, https://www.microsoft.com/en-us/security/blog/2024/10/29/midnight-blizzard-conducts-large-scale-spear-phishing-campaign-using-rdp-files/"
eu-central-1.mil-pl.cloud,APT29-Midnight Blizzard Phishing Campaign Leverages Malicious RDP Files,"https://cert.gov.ua/article/6281076, https://www.microsoft.com/en-us/security/blog/2024/10/29/midnight-blizzard-conducts-large-scale-spear-phishing-campaign-using-rdp-files/"
eu-central-1.minbuza.cloud,APT29-Midnight Blizzard Phishing Campaign Leverages Malicious RDP Files,"https://cert.gov.ua/article/6281076, https://www.microsoft.com/en-us/security/blog/2024/10/29/midnight-blizzard-conducts-large-scale-spear-phishing-campaign-using-rdp-files/"
eu-central-1.mindef-nl.cloud,APT29-Midnight Blizzard Phishing Campaign Leverages Malicious RDP Files,"https://cert.gov.ua/article/6281076, https://www.microsoft.com/en-us/security/blog/2024/10/29/midnight-blizzard-conducts-large-scale-spear-phishing-campaign-using-rdp-files/"
eu-central-1.msz-pl.cloud,APT29-Midnight Blizzard Phishing Campaign Leverages Malicious RDP Files,"https://cert.gov.ua/article/6281076, https://www.microsoft.com/en-us/security/blog/2024/10/29/midnight-blizzard-conducts-large-scale-spear-phishing-campaign-using-rdp-files/"
eu-central-1.quirinale.cloud,APT29-Midnight Blizzard Phishing Campaign Leverages Malicious RDP Files,"https://cert.gov.ua/article/6281076, https://www.microsoft.com/en-us/security/blog/2024/10/29/midnight-blizzard-conducts-large-scale-spear-phishing-campaign-using-rdp-files/"
eu-central-1.regeringskansliet-se.cloud,APT29-Midnight Blizzard Phishing Campaign Leverages Malicious RDP Files,"https://cert.gov.ua/article/6281076, https://www.microsoft.com/en-us/security/blog/2024/10/29/midnight-blizzard-conducts-large-scale-spear-phishing-campaign-using-rdp-files/"
eu-central-1.s3-be.cloud,APT29-Midnight Blizzard Phishing Campaign Leverages Malicious RDP Files,"https://cert.gov.ua/article/6281076, https://www.microsoft.com/en-us/security/blog/2024/10/29/midnight-blizzard-conducts-large-scale-spear-phishing-campaign-using-rdp-files/"
eu-central-1.s3-esa.cloud,APT29-Midnight Blizzard Phishing Campaign Leverages Malicious RDP Files,"https://cert.gov.ua/article/6281076, https://www.microsoft.com/en-us/security/blog/2024/10/29/midnight-blizzard-conducts-large-scale-spear-phishing-campaign-using-rdp-files/"
eu-central-1.s3-nato.cloud,APT29-Midnight Blizzard Phishing Campaign Leverages Malicious RDP Files,"https://cert.gov.ua/article/6281076, https://www.microsoft.com/en-us/security/blog/2024/10/29/midnight-blizzard-conducts-large-scale-spear-phishing-campaign-using-rdp-files/"
eu-central-1.ua-gov.cloud,APT29-Midnight Blizzard Phishing Campaign Leverages Malicious RDP Files,"https://cert.gov.ua/article/6281076, https://www.microsoft.com/en-us/security/blog/2024/10/29/midnight-blizzard-conducts-large-scale-spear-phishing-campaign-using-rdp-files/"
eu-central-1.ua-sec.cloud,APT29-Midnight Blizzard Phishing Campaign Leverages Malicious RDP Files,"https://cert.gov.ua/article/6281076, https://www.microsoft.com/en-us/security/blog/2024/10/29/midnight-blizzard-conducts-large-scale-spear-phishing-campaign-using-rdp-files/"
eu-central-1-aws.amazonsolutions.cloud,APT29-Midnight Blizzard Phishing Campaign Leverages Malicious RDP Files,"https://cert.gov.ua/article/6281076, https://www.microsoft.com/en-us/security/blog/2024/10/29/midnight-blizzard-conducts-large-scale-spear-phishing-campaign-using-rdp-files/"
eu-central-1-aws.dep-no.cloud,APT29-Midnight Blizzard Phishing Campaign Leverages Malicious RDP Files,"https://cert.gov.ua/article/6281076, https://www.microsoft.com/en-us/security/blog/2024/10/29/midnight-blizzard-conducts-large-scale-spear-phishing-campaign-using-rdp-files/"
eu-central-1-aws.gov-pl.cloud,APT29-Midnight Blizzard Phishing Campaign Leverages Malicious RDP Files,"https://cert.gov.ua/article/6281076, https://www.microsoft.com/en-us/security/blog/2024/10/29/midnight-blizzard-conducts-large-scale-spear-phishing-campaign-using-rdp-files/"
eu-central-1-aws.gov-sk.cloud,APT29-Midnight Blizzard Phishing Campaign Leverages Malicious RDP Files,"https://cert.gov.ua/article/6281076, https://www.microsoft.com/en-us/security/blog/2024/10/29/midnight-blizzard-conducts-large-scale-spear-phishing-campaign-using-rdp-files/"
eu-central-1-aws.gov-trust.cloud,APT29-Midnight Blizzard Phishing Campaign Leverages Malicious RDP Files,"https://cert.gov.ua/article/6281076, https://www.microsoft.com/en-us/security/blog/2024/10/29/midnight-blizzard-conducts-large-scale-spear-phishing-campaign-using-rdp-files/"
eu-central-1-aws.minbuza.cloud,APT29-Midnight Blizzard Phishing Campaign Leverages Malicious RDP Files,"https://cert.gov.ua/article/6281076, https://www.microsoft.com/en-us/security/blog/2024/10/29/midnight-blizzard-conducts-large-scale-spear-phishing-campaign-using-rdp-files/"
eu-central-1-aws.mindef-nl.cloud,APT29-Midnight Blizzard Phishing Campaign Leverages Malicious RDP Files,"https://cert.gov.ua/article/6281076, https://www.microsoft.com/en-us/security/blog/2024/10/29/midnight-blizzard-conducts-large-scale-spear-phishing-campaign-using-rdp-files/"
eu-central-1-aws.msz-pl.cloud,APT29-Midnight Blizzard Phishing Campaign Leverages Malicious RDP Files,"https://cert.gov.ua/article/6281076, https://www.microsoft.com/en-us/security/blog/2024/10/29/midnight-blizzard-conducts-large-scale-spear-phishing-campaign-using-rdp-files/"
eu-central-1-aws.mzv-sk.cloud,APT29-Midnight Blizzard Phishing Campaign Leverages Malicious RDP Files,"https://cert.gov.ua/article/6281076, https://www.microsoft.com/en-us/security/blog/2024/10/29/midnight-blizzard-conducts-large-scale-spear-phishing-campaign-using-rdp-files/"
eu-central-1-aws.ncfta.cloud,APT29-Midnight Blizzard Phishing Campaign Leverages Malicious RDP Files,"https://cert.gov.ua/article/6281076, https://www.microsoft.com/en-us/security/blog/2024/10/29/midnight-blizzard-conducts-large-scale-spear-phishing-campaign-using-rdp-files/"
eu-central-1-aws.presidencia-pt.cloud,APT29-Midnight Blizzard Phishing Campaign Leverages Malicious RDP Files,"https://cert.gov.ua/article/6281076, https://www.microsoft.com/en-us/security/blog/2024/10/29/midnight-blizzard-conducts-large-scale-spear-phishing-campaign-using-rdp-files/"
eu-central-1-aws.quirinale.cloud,APT29-Midnight Blizzard Phishing Campaign Leverages Malicious RDP Files,"https://cert.gov.ua/article/6281076, https://www.microsoft.com/en-us/security/blog/2024/10/29/midnight-blizzard-conducts-large-scale-spear-phishing-campaign-using-rdp-files/"
eu-central-1-aws.regeringskansliet-se.cloud,APT29-Midnight Blizzard Phishing Campaign Leverages Malicious RDP Files,"https://cert.gov.ua/article/6281076, https://www.microsoft.com/en-us/security/blog/2024/10/29/midnight-blizzard-conducts-large-scale-spear-phishing-campaign-using-rdp-files/"
eu-central-1-aws.s3-be.cloud,APT29-Midnight Blizzard Phishing Campaign Leverages Malicious RDP Files,"https://cert.gov.ua/article/6281076, https://www.microsoft.com/en-us/security/blog/2024/10/29/midnight-blizzard-conducts-large-scale-spear-phishing-campaign-using-rdp-files/"
eu-central-1-aws.s3-ua.cloud,APT29-Midnight Blizzard Phishing Campaign Leverages Malicious RDP Files,"https://cert.gov.ua/article/6281076, https://www.microsoft.com/en-us/security/blog/2024/10/29/midnight-blizzard-conducts-large-scale-spear-phishing-campaign-using-rdp-files/"
eu-central-1-aws.ua-gov.cloud,APT29-Midnight Blizzard Phishing Campaign Leverages Malicious RDP Files,"https://cert.gov.ua/article/6281076, https://www.microsoft.com/en-us/security/blog/2024/10/29/midnight-blizzard-conducts-large-scale-spear-phishing-campaign-using-rdp-files/"
eu-central-1-aws.ukrainesec.cloud,APT29-Midnight Blizzard Phishing Campaign Leverages Malicious RDP Files,"https://cert.gov.ua/article/6281076, https://www.microsoft.com/en-us/security/blog/2024/10/29/midnight-blizzard-conducts-large-scale-spear-phishing-campaign-using-rdp-files/"
eu-central-2-aws.amazonsolutions.cloud,APT29-Midnight Blizzard Phishing Campaign Leverages Malicious RDP Files,"https://cert.gov.ua/article/6281076, https://www.microsoft.com/en-us/security/blog/2024/10/29/midnight-blizzard-conducts-large-scale-spear-phishing-campaign-using-rdp-files/"
eu-central-2-aws.aws-ukraine.cloud,APT29-Midnight Blizzard Phishing Campaign Leverages Malicious RDP Files,"https://cert.gov.ua/article/6281076, https://www.microsoft.com/en-us/security/blog/2024/10/29/midnight-blizzard-conducts-large-scale-spear-phishing-campaign-using-rdp-files/"
eu-central-2-aws.dep-no.cloud,APT29-Midnight Blizzard Phishing Campaign Leverages Malicious RDP Files,"https://cert.gov.ua/article/6281076, https://www.microsoft.com/en-us/security/blog/2024/10/29/midnight-blizzard-conducts-large-scale-spear-phishing-campaign-using-rdp-files/"
eu-central-2-aws.gov-pl.cloud,APT29-Midnight Blizzard Phishing Campaign Leverages Malicious RDP Files,"https://cert.gov.ua/article/6281076, https://www.microsoft.com/en-us/security/blog/2024/10/29/midnight-blizzard-conducts-large-scale-spear-phishing-campaign-using-rdp-files/"
eu-central-2-aws.gov-sk.cloud,APT29-Midnight Blizzard Phishing Campaign Leverages Malicious RDP Files,"https://cert.gov.ua/article/6281076, https://www.microsoft.com/en-us/security/blog/2024/10/29/midnight-blizzard-conducts-large-scale-spear-phishing-campaign-using-rdp-files/"
eu-central-2-aws.mil-be.cloud,APT29-Midnight Blizzard Phishing Campaign Leverages Malicious RDP Files,"https://cert.gov.ua/article/6281076, https://www.microsoft.com/en-us/security/blog/2024/10/29/midnight-blizzard-conducts-large-scale-spear-phishing-campaign-using-rdp-files/"
eu-central-2-aws.mil-pl.cloud,APT29-Midnight Blizzard Phishing Campaign Leverages Malicious RDP Files,"https://cert.gov.ua/article/6281076, https://www.microsoft.com/en-us/security/blog/2024/10/29/midnight-blizzard-conducts-large-scale-spear-phishing-campaign-using-rdp-files/"
eu-central-2-aws.mindef-nl.cloud,APT29-Midnight Blizzard Phishing Campaign Leverages Malicious RDP Files,"https://cert.gov.ua/article/6281076, https://www.microsoft.com/en-us/security/blog/2024/10/29/midnight-blizzard-conducts-large-scale-spear-phishing-campaign-using-rdp-files/"
eu-central-2-aws.msz-pl.cloud,APT29-Midnight Blizzard Phishing Campaign Leverages Malicious RDP Files,"https://cert.gov.ua/article/6281076, https://www.microsoft.com/en-us/security/blog/2024/10/29/midnight-blizzard-conducts-large-scale-spear-phishing-campaign-using-rdp-files/"
eu-central-2-aws.mzv-sk.cloud,APT29-Midnight Blizzard Phishing Campaign Leverages Malicious RDP Files,"https://cert.gov.ua/article/6281076, https://www.microsoft.com/en-us/security/blog/2024/10/29/midnight-blizzard-conducts-large-scale-spear-phishing-campaign-using-rdp-files/"
eu-central-2-aws.s3-be.cloud,APT29-Midnight Blizzard Phishing Campaign Leverages Malicious RDP Files,"https://cert.gov.ua/article/6281076, https://www.microsoft.com/en-us/security/blog/2024/10/29/midnight-blizzard-conducts-large-scale-spear-phishing-campaign-using-rdp-files/"
eu-central-2-aws.ua-gov.cloud,APT29-Midnight Blizzard Phishing Campaign Leverages Malicious RDP Files,"https://cert.gov.ua/article/6281076, https://www.microsoft.com/en-us/security/blog/2024/10/29/midnight-blizzard-conducts-large-scale-spear-phishing-campaign-using-rdp-files/"
eu-central-2-aws.ua-mil.cloud,APT29-Midnight Blizzard Phishing Campaign Leverages Malicious RDP Files,"https://cert.gov.ua/article/6281076, https://www.microsoft.com/en-us/security/blog/2024/10/29/midnight-blizzard-conducts-large-scale-spear-phishing-campaign-using-rdp-files/"
eu-central-2-aws.ukrtelecom.cloud,APT29-Midnight Blizzard Phishing Campaign Leverages Malicious RDP Files,"https://cert.gov.ua/article/6281076, https://www.microsoft.com/en-us/security/blog/2024/10/29/midnight-blizzard-conducts-large-scale-spear-phishing-campaign-using-rdp-files/"
eu-east-1-aws.amazonsolutions.cloud,APT29-Midnight Blizzard Phishing Campaign Leverages Malicious RDP Files,"https://cert.gov.ua/article/6281076, https://www.microsoft.com/en-us/security/blog/2024/10/29/midnight-blizzard-conducts-large-scale-spear-phishing-campaign-using-rdp-files/"
eu-east-1-aws.dep-no.cloud,APT29-Midnight Blizzard Phishing Campaign Leverages Malicious RDP Files,"https://cert.gov.ua/article/6281076, https://www.microsoft.com/en-us/security/blog/2024/10/29/midnight-blizzard-conducts-large-scale-spear-phishing-campaign-using-rdp-files/"
eu-east-1-aws.gov-sk.cloud,APT29-Midnight Blizzard Phishing Campaign Leverages Malicious RDP Files,"https://cert.gov.ua/article/6281076, https://www.microsoft.com/en-us/security/blog/2024/10/29/midnight-blizzard-conducts-large-scale-spear-phishing-campaign-using-rdp-files/"
eu-east-1-aws.gov-ua.cloud,APT29-Midnight Blizzard Phishing Campaign Leverages Malicious RDP Files,"https://cert.gov.ua/article/6281076, https://www.microsoft.com/en-us/security/blog/2024/10/29/midnight-blizzard-conducts-large-scale-spear-phishing-campaign-using-rdp-files/"
eu-east-1-aws.mil-be.cloud,APT29-Midnight Blizzard Phishing Campaign Leverages Malicious RDP Files,"https://cert.gov.ua/article/6281076, https://www.microsoft.com/en-us/security/blog/2024/10/29/midnight-blizzard-conducts-large-scale-spear-phishing-campaign-using-rdp-files/"
eu-east-1-aws.mil-pl.cloud,APT29-Midnight Blizzard Phishing Campaign Leverages Malicious RDP Files,"https://cert.gov.ua/article/6281076, https://www.microsoft.com/en-us/security/blog/2024/10/29/midnight-blizzard-conducts-large-scale-spear-phishing-campaign-using-rdp-files/"
eu-east-1-aws.minbuza.cloud,APT29-Midnight Blizzard Phishing Campaign Leverages Malicious RDP Files,"https://cert.gov.ua/article/6281076, https://www.microsoft.com/en-us/security/blog/2024/10/29/midnight-blizzard-conducts-large-scale-spear-phishing-campaign-using-rdp-files/"
eu-east-1-aws.mindef-nl.cloud,APT29-Midnight Blizzard Phishing Campaign Leverages Malicious RDP Files,"https://cert.gov.ua/article/6281076, https://www.microsoft.com/en-us/security/blog/2024/10/29/midnight-blizzard-conducts-large-scale-spear-phishing-campaign-using-rdp-files/"
eu-east-1-aws.msz-pl.cloud,APT29-Midnight Blizzard Phishing Campaign Leverages Malicious RDP Files,"https://cert.gov.ua/article/6281076, https://www.microsoft.com/en-us/security/blog/2024/10/29/midnight-blizzard-conducts-large-scale-spear-phishing-campaign-using-rdp-files/"
eu-east-1-aws.mzv-sk.cloud,APT29-Midnight Blizzard Phishing Campaign Leverages Malicious RDP Files,"https://cert.gov.ua/article/6281076, https://www.microsoft.com/en-us/security/blog/2024/10/29/midnight-blizzard-conducts-large-scale-spear-phishing-campaign-using-rdp-files/"
eu-east-1-aws.quirinale.cloud,APT29-Midnight Blizzard Phishing Campaign Leverages Malicious RDP Files,"https://cert.gov.ua/article/6281076, https://www.microsoft.com/en-us/security/blog/2024/10/29/midnight-blizzard-conducts-large-scale-spear-phishing-campaign-using-rdp-files/"
eu-east-1-aws.regeringskansliet-se.cloud,APT29-Midnight Blizzard Phishing Campaign Leverages Malicious RDP Files,"https://cert.gov.ua/article/6281076, https://www.microsoft.com/en-us/security/blog/2024/10/29/midnight-blizzard-conducts-large-scale-spear-phishing-campaign-using-rdp-files/"
eu-east-1-aws.s3-be.cloud,APT29-Midnight Blizzard Phishing Campaign Leverages Malicious RDP Files,"https://cert.gov.ua/article/6281076, https://www.microsoft.com/en-us/security/blog/2024/10/29/midnight-blizzard-conducts-large-scale-spear-phishing-campaign-using-rdp-files/"
eu-east-1-aws.s3-de.cloud,APT29-Midnight Blizzard Phishing Campaign Leverages Malicious RDP Files,"https://cert.gov.ua/article/6281076, https://www.microsoft.com/en-us/security/blog/2024/10/29/midnight-blizzard-conducts-large-scale-spear-phishing-campaign-using-rdp-files/"
eu-east-1-aws.ua-gov.cloud,APT29-Midnight Blizzard Phishing Campaign Leverages Malicious RDP Files,"https://cert.gov.ua/article/6281076, https://www.microsoft.com/en-us/security/blog/2024/10/29/midnight-blizzard-conducts-large-scale-spear-phishing-campaign-using-rdp-files/"
eu-east-1-aws.ua-sec.cloud,APT29-Midnight Blizzard Phishing Campaign Leverages Malicious RDP Files,"https://cert.gov.ua/article/6281076, https://www.microsoft.com/en-us/security/blog/2024/10/29/midnight-blizzard-conducts-large-scale-spear-phishing-campaign-using-rdp-files/"
eu-east-1-aws.ukrtelecom.cloud,APT29-Midnight Blizzard Phishing Campaign Leverages Malicious RDP Files,"https://cert.gov.ua/article/6281076, https://www.microsoft.com/en-us/security/blog/2024/10/29/midnight-blizzard-conducts-large-scale-spear-phishing-campaign-using-rdp-files/"
eu-north-1.difesa-it.cloud,APT29-Midnight Blizzard Phishing Campaign Leverages Malicious RDP Files,"https://cert.gov.ua/article/6281076, https://www.microsoft.com/en-us/security/blog/2024/10/29/midnight-blizzard-conducts-large-scale-spear-phishing-campaign-using-rdp-files/"
eu-north-1.gov-trust.cloud,APT29-Midnight Blizzard Phishing Campaign Leverages Malicious RDP Files,"https://cert.gov.ua/article/6281076, https://www.microsoft.com/en-us/security/blog/2024/10/29/midnight-blizzard-conducts-large-scale-spear-phishing-campaign-using-rdp-files/"
eu-north-1.gov-ua.cloud,APT29-Midnight Blizzard Phishing Campaign Leverages Malicious RDP Files,"https://cert.gov.ua/article/6281076, https://www.microsoft.com/en-us/security/blog/2024/10/29/midnight-blizzard-conducts-large-scale-spear-phishing-campaign-using-rdp-files/"
eu-north-1.gv-at.cloud,APT29-Midnight Blizzard Phishing Campaign Leverages Malicious RDP Files,"https://cert.gov.ua/article/6281076, https://www.microsoft.com/en-us/security/blog/2024/10/29/midnight-blizzard-conducts-large-scale-spear-phishing-campaign-using-rdp-files/"
eu-north-1.mil-be.cloud,APT29-Midnight Blizzard Phishing Campaign Leverages Malicious RDP Files,"https://cert.gov.ua/article/6281076, https://www.microsoft.com/en-us/security/blog/2024/10/29/midnight-blizzard-conducts-large-scale-spear-phishing-campaign-using-rdp-files/"
eu-north-1.mil-pl.cloud,APT29-Midnight Blizzard Phishing Campaign Leverages Malicious RDP Files,"https://cert.gov.ua/article/6281076, https://www.microsoft.com/en-us/security/blog/2024/10/29/midnight-blizzard-conducts-large-scale-spear-phishing-campaign-using-rdp-files/"
eu-north-1.mzv-sk.cloud,APT29-Midnight Blizzard Phishing Campaign Leverages Malicious RDP Files,"https://cert.gov.ua/article/6281076, https://www.microsoft.com/en-us/security/blog/2024/10/29/midnight-blizzard-conducts-large-scale-spear-phishing-campaign-using-rdp-files/"
eu-north-1.ncfta.cloud,APT29-Midnight Blizzard Phishing Campaign Leverages Malicious RDP Files,"https://cert.gov.ua/article/6281076, https://www.microsoft.com/en-us/security/blog/2024/10/29/midnight-blizzard-conducts-large-scale-spear-phishing-campaign-using-rdp-files/"
eu-north-1.regeringskansliet-se.cloud,APT29-Midnight Blizzard Phishing Campaign Leverages Malicious RDP Files,"https://cert.gov.ua/article/6281076, https://www.microsoft.com/en-us/security/blog/2024/10/29/midnight-blizzard-conducts-large-scale-spear-phishing-campaign-using-rdp-files/"
eu-north-1.s3-be.cloud,APT29-Midnight Blizzard Phishing Campaign Leverages Malicious RDP Files,"https://cert.gov.ua/article/6281076, https://www.microsoft.com/en-us/security/blog/2024/10/29/midnight-blizzard-conducts-large-scale-spear-phishing-campaign-using-rdp-files/"
eu-north-1.s3-de.cloud,APT29-Midnight Blizzard Phishing Campaign Leverages Malicious RDP Files,"https://cert.gov.ua/article/6281076, https://www.microsoft.com/en-us/security/blog/2024/10/29/midnight-blizzard-conducts-large-scale-spear-phishing-campaign-using-rdp-files/"
eu-north-1.s3-ua.cloud,APT29-Midnight Blizzard Phishing Campaign Leverages Malicious RDP Files,"https://cert.gov.ua/article/6281076, https://www.microsoft.com/en-us/security/blog/2024/10/29/midnight-blizzard-conducts-large-scale-spear-phishing-campaign-using-rdp-files/"
eu-north-1-aws.dep-no.cloud,APT29-Midnight Blizzard Phishing Campaign Leverages Malicious RDP Files,"https://cert.gov.ua/article/6281076, https://www.microsoft.com/en-us/security/blog/2024/10/29/midnight-blizzard-conducts-large-scale-spear-phishing-campaign-using-rdp-files/"
eu-north-1-aws.difesa-it.cloud,APT29-Midnight Blizzard Phishing Campaign Leverages Malicious RDP Files,"https://cert.gov.ua/article/6281076, https://www.microsoft.com/en-us/security/blog/2024/10/29/midnight-blizzard-conducts-large-scale-spear-phishing-campaign-using-rdp-files/"
eu-north-1-aws.gov-pl.cloud,APT29-Midnight Blizzard Phishing Campaign Leverages Malicious RDP Files,"https://cert.gov.ua/article/6281076, https://www.microsoft.com/en-us/security/blog/2024/10/29/midnight-blizzard-conducts-large-scale-spear-phishing-campaign-using-rdp-files/"
eu-north-1-aws.gov-sk.cloud,APT29-Midnight Blizzard Phishing Campaign Leverages Malicious RDP Files,"https://cert.gov.ua/article/6281076, https://www.microsoft.com/en-us/security/blog/2024/10/29/midnight-blizzard-conducts-large-scale-spear-phishing-campaign-using-rdp-files/"
eu-north-1-aws.mil-be.cloud,APT29-Midnight Blizzard Phishing Campaign Leverages Malicious RDP Files,"https://cert.gov.ua/article/6281076, https://www.microsoft.com/en-us/security/blog/2024/10/29/midnight-blizzard-conducts-large-scale-spear-phishing-campaign-using-rdp-files/"
eu-north-1-aws.mil-pl.cloud,APT29-Midnight Blizzard Phishing Campaign Leverages Malicious RDP Files,"https://cert.gov.ua/article/6281076, https://www.microsoft.com/en-us/security/blog/2024/10/29/midnight-blizzard-conducts-large-scale-spear-phishing-campaign-using-rdp-files/"
eu-north-1-aws.minbuza.cloud,APT29-Midnight Blizzard Phishing Campaign Leverages Malicious RDP Files,"https://cert.gov.ua/article/6281076, https://www.microsoft.com/en-us/security/blog/2024/10/29/midnight-blizzard-conducts-large-scale-spear-phishing-campaign-using-rdp-files/"
eu-north-1-aws.ncfta.cloud,APT29-Midnight Blizzard Phishing Campaign Leverages Malicious RDP Files,"https://cert.gov.ua/article/6281076, https://www.microsoft.com/en-us/security/blog/2024/10/29/midnight-blizzard-conducts-large-scale-spear-phishing-campaign-using-rdp-files/"
eu-north-1-aws.presidencia-pt.cloud,APT29-Midnight Blizzard Phishing Campaign Leverages Malicious RDP Files,"https://cert.gov.ua/article/6281076, https://www.microsoft.com/en-us/security/blog/2024/10/29/midnight-blizzard-conducts-large-scale-spear-phishing-campaign-using-rdp-files/"
eu-north-1-aws.quirinale.cloud,APT29-Midnight Blizzard Phishing Campaign Leverages Malicious RDP Files,"https://cert.gov.ua/article/6281076, https://www.microsoft.com/en-us/security/blog/2024/10/29/midnight-blizzard-conducts-large-scale-spear-phishing-campaign-using-rdp-files/"
eu-north-1-aws.regeringskansliet-se.cloud,APT29-Midnight Blizzard Phishing Campaign Leverages Malicious RDP Files,"https://cert.gov.ua/article/6281076, https://www.microsoft.com/en-us/security/blog/2024/10/29/midnight-blizzard-conducts-large-scale-spear-phishing-campaign-using-rdp-files/"
eu-north-1-aws.s3-be.cloud,APT29-Midnight Blizzard Phishing Campaign Leverages Malicious RDP Files,"https://cert.gov.ua/article/6281076, https://www.microsoft.com/en-us/security/blog/2024/10/29/midnight-blizzard-conducts-large-scale-spear-phishing-campaign-using-rdp-files/"
eu-north-1-aws.s3-de.cloud,APT29-Midnight Blizzard Phishing Campaign Leverages Malicious RDP Files,"https://cert.gov.ua/article/6281076, https://www.microsoft.com/en-us/security/blog/2024/10/29/midnight-blizzard-conducts-large-scale-spear-phishing-campaign-using-rdp-files/"
eu-south-1-aws.gov-pl.cloud,APT29-Midnight Blizzard Phishing Campaign Leverages Malicious RDP Files,"https://cert.gov.ua/article/6281076, https://www.microsoft.com/en-us/security/blog/2024/10/29/midnight-blizzard-conducts-large-scale-spear-phishing-campaign-using-rdp-files/"
eu-south-1-aws.gov-trust.cloud,APT29-Midnight Blizzard Phishing Campaign Leverages Malicious RDP Files,"https://cert.gov.ua/article/6281076, https://www.microsoft.com/en-us/security/blog/2024/10/29/midnight-blizzard-conducts-large-scale-spear-phishing-campaign-using-rdp-files/"
eu-south-1-aws.mil-be.cloud,APT29-Midnight Blizzard Phishing Campaign Leverages Malicious RDP Files,"https://cert.gov.ua/article/6281076, https://www.microsoft.com/en-us/security/blog/2024/10/29/midnight-blizzard-conducts-large-scale-spear-phishing-campaign-using-rdp-files/"
eu-south-1-aws.s3-be.cloud,APT29-Midnight Blizzard Phishing Campaign Leverages Malicious RDP Files,"https://cert.gov.ua/article/6281076, https://www.microsoft.com/en-us/security/blog/2024/10/29/midnight-blizzard-conducts-large-scale-spear-phishing-campaign-using-rdp-files/"
eu-south-1-aws.s3-de.cloud,APT29-Midnight Blizzard Phishing Campaign Leverages Malicious RDP Files,"https://cert.gov.ua/article/6281076, https://www.microsoft.com/en-us/security/blog/2024/10/29/midnight-blizzard-conducts-large-scale-spear-phishing-campaign-using-rdp-files/"
eu-south-1-aws.ua-gov.cloud,APT29-Midnight Blizzard Phishing Campaign Leverages Malicious RDP Files,"https://cert.gov.ua/article/6281076, https://www.microsoft.com/en-us/security/blog/2024/10/29/midnight-blizzard-conducts-large-scale-spear-phishing-campaign-using-rdp-files/"
eu-south-2.gov-pl.cloud,APT29-Midnight Blizzard Phishing Campaign Leverages Malicious RDP Files,"https://cert.gov.ua/article/6281076, https://www.microsoft.com/en-us/security/blog/2024/10/29/midnight-blizzard-conducts-large-scale-spear-phishing-campaign-using-rdp-files/"
eu-south-2.gov-sk.cloud,APT29-Midnight Blizzard Phishing Campaign Leverages Malicious RDP Files,"https://cert.gov.ua/article/6281076, https://www.microsoft.com/en-us/security/blog/2024/10/29/midnight-blizzard-conducts-large-scale-spear-phishing-campaign-using-rdp-files/"
eu-south-2.mil-be.cloud,APT29-Midnight Blizzard Phishing Campaign Leverages Malicious RDP Files,"https://cert.gov.ua/article/6281076, https://www.microsoft.com/en-us/security/blog/2024/10/29/midnight-blizzard-conducts-large-scale-spear-phishing-campaign-using-rdp-files/"
eu-south-2.mil-pl.cloud,APT29-Midnight Blizzard Phishing Campaign Leverages Malicious RDP Files,"https://cert.gov.ua/article/6281076, https://www.microsoft.com/en-us/security/blog/2024/10/29/midnight-blizzard-conducts-large-scale-spear-phishing-campaign-using-rdp-files/"
eu-south-2.s3-be.cloud,APT29-Midnight Blizzard Phishing Campaign Leverages Malicious RDP Files,"https://cert.gov.ua/article/6281076, https://www.microsoft.com/en-us/security/blog/2024/10/29/midnight-blizzard-conducts-large-scale-spear-phishing-campaign-using-rdp-files/"
eu-south-2.s3-de.cloud,APT29-Midnight Blizzard Phishing Campaign Leverages Malicious RDP Files,"https://cert.gov.ua/article/6281076, https://www.microsoft.com/en-us/security/blog/2024/10/29/midnight-blizzard-conducts-large-scale-spear-phishing-campaign-using-rdp-files/"
eu-south-2.s3-esa.cloud,APT29-Midnight Blizzard Phishing Campaign Leverages Malicious RDP Files,"https://cert.gov.ua/article/6281076, https://www.microsoft.com/en-us/security/blog/2024/10/29/midnight-blizzard-conducts-large-scale-spear-phishing-campaign-using-rdp-files/"
eu-south-2.s3-nato.cloud,APT29-Midnight Blizzard Phishing Campaign Leverages Malicious RDP Files,"https://cert.gov.ua/article/6281076, https://www.microsoft.com/en-us/security/blog/2024/10/29/midnight-blizzard-conducts-large-scale-spear-phishing-campaign-using-rdp-files/"
eu-south-2.ua-sec.cloud,APT29-Midnight Blizzard Phishing Campaign Leverages Malicious RDP Files,"https://cert.gov.ua/article/6281076, https://www.microsoft.com/en-us/security/blog/2024/10/29/midnight-blizzard-conducts-large-scale-spear-phishing-campaign-using-rdp-files/"
eu-south-2-aws.gov-pl.cloud,APT29-Midnight Blizzard Phishing Campaign Leverages Malicious RDP Files,"https://cert.gov.ua/article/6281076, https://www.microsoft.com/en-us/security/blog/2024/10/29/midnight-blizzard-conducts-large-scale-spear-phishing-campaign-using-rdp-files/"
eu-south-2-aws.gov-sk.cloud,APT29-Midnight Blizzard Phishing Campaign Leverages Malicious RDP Files,"https://cert.gov.ua/article/6281076, https://www.microsoft.com/en-us/security/blog/2024/10/29/midnight-blizzard-conducts-large-scale-spear-phishing-campaign-using-rdp-files/"
eu-south-2-aws.mil-be.cloud,APT29-Midnight Blizzard Phishing Campaign Leverages Malicious RDP Files,"https://cert.gov.ua/article/6281076, https://www.microsoft.com/en-us/security/blog/2024/10/29/midnight-blizzard-conducts-large-scale-spear-phishing-campaign-using-rdp-files/"
eu-south-2-aws.mil-pl.cloud,APT29-Midnight Blizzard Phishing Campaign Leverages Malicious RDP Files,"https://cert.gov.ua/article/6281076, https://www.microsoft.com/en-us/security/blog/2024/10/29/midnight-blizzard-conducts-large-scale-spear-phishing-campaign-using-rdp-files/"
eu-south-2-aws.mil-pt.cloud,APT29-Midnight Blizzard Phishing Campaign Leverages Malicious RDP Files,"https://cert.gov.ua/article/6281076, https://www.microsoft.com/en-us/security/blog/2024/10/29/midnight-blizzard-conducts-large-scale-spear-phishing-campaign-using-rdp-files/"
eu-south-2-aws.s3-be.cloud,APT29-Midnight Blizzard Phishing Campaign Leverages Malicious RDP Files,"https://cert.gov.ua/article/6281076, https://www.microsoft.com/en-us/security/blog/2024/10/29/midnight-blizzard-conducts-large-scale-spear-phishing-campaign-using-rdp-files/"
eu-south-2-aws.s3-de.cloud,APT29-Midnight Blizzard Phishing Campaign Leverages Malicious RDP Files,"https://cert.gov.ua/article/6281076, https://www.microsoft.com/en-us/security/blog/2024/10/29/midnight-blizzard-conducts-large-scale-spear-phishing-campaign-using-rdp-files/"
eu-south-2-aws.s3-esa.cloud,APT29-Midnight Blizzard Phishing Campaign Leverages Malicious RDP Files,"https://cert.gov.ua/article/6281076, https://www.microsoft.com/en-us/security/blog/2024/10/29/midnight-blizzard-conducts-large-scale-spear-phishing-campaign-using-rdp-files/"
eu-south-2-aws.s3-nato.cloud,APT29-Midnight Blizzard Phishing Campaign Leverages Malicious RDP Files,"https://cert.gov.ua/article/6281076, https://www.microsoft.com/en-us/security/blog/2024/10/29/midnight-blizzard-conducts-large-scale-spear-phishing-campaign-using-rdp-files/"
eu-south-2-aws.s3-ua.cloud,APT29-Midnight Blizzard Phishing Campaign Leverages Malicious RDP Files,"https://cert.gov.ua/article/6281076, https://www.microsoft.com/en-us/security/blog/2024/10/29/midnight-blizzard-conducts-large-scale-spear-phishing-campaign-using-rdp-files/"
eu-south-2-aws.ua-gov.cloud,APT29-Midnight Blizzard Phishing Campaign Leverages Malicious RDP Files,"https://cert.gov.ua/article/6281076, https://www.microsoft.com/en-us/security/blog/2024/10/29/midnight-blizzard-conducts-large-scale-spear-phishing-campaign-using-rdp-files/"
eu-southeast-1-aws.aws-ukraine.cloud,APT29-Midnight Blizzard Phishing Campaign Leverages Malicious RDP Files,"https://cert.gov.ua/article/6281076, https://www.microsoft.com/en-us/security/blog/2024/10/29/midnight-blizzard-conducts-large-scale-spear-phishing-campaign-using-rdp-files/"
eu-southeast-1-aws.gov-sk.cloud,APT29-Midnight Blizzard Phishing Campaign Leverages Malicious RDP Files,"https://cert.gov.ua/article/6281076, https://www.microsoft.com/en-us/security/blog/2024/10/29/midnight-blizzard-conducts-large-scale-spear-phishing-campaign-using-rdp-files/"
eu-southeast-1-aws.gov-trust.cloud,APT29-Midnight Blizzard Phishing Campaign Leverages Malicious RDP Files,"https://cert.gov.ua/article/6281076, https://www.microsoft.com/en-us/security/blog/2024/10/29/midnight-blizzard-conducts-large-scale-spear-phishing-campaign-using-rdp-files/"
eu-southeast-1-aws.mil-be.cloud,APT29-Midnight Blizzard Phishing Campaign Leverages Malicious RDP Files,"https://cert.gov.ua/article/6281076, https://www.microsoft.com/en-us/security/blog/2024/10/29/midnight-blizzard-conducts-large-scale-spear-phishing-campaign-using-rdp-files/"
eu-southeast-1-aws.mil-pl.cloud,APT29-Midnight Blizzard Phishing Campaign Leverages Malicious RDP Files,"https://cert.gov.ua/article/6281076, https://www.microsoft.com/en-us/security/blog/2024/10/29/midnight-blizzard-conducts-large-scale-spear-phishing-campaign-using-rdp-files/"
eu-southeast-1-aws.s3-be.cloud,APT29-Midnight Blizzard Phishing Campaign Leverages Malicious RDP Files,"https://cert.gov.ua/article/6281076, https://www.microsoft.com/en-us/security/blog/2024/10/29/midnight-blizzard-conducts-large-scale-spear-phishing-campaign-using-rdp-files/"
eu-southeast-1-aws.s3-de.cloud,APT29-Midnight Blizzard Phishing Campaign Leverages Malicious RDP Files,"https://cert.gov.ua/article/6281076, https://www.microsoft.com/en-us/security/blog/2024/10/29/midnight-blizzard-conducts-large-scale-spear-phishing-campaign-using-rdp-files/"
eu-southeast-1-aws.s3-esa.cloud,APT29-Midnight Blizzard Phishing Campaign Leverages Malicious RDP Files,"https://cert.gov.ua/article/6281076, https://www.microsoft.com/en-us/security/blog/2024/10/29/midnight-blizzard-conducts-large-scale-spear-phishing-campaign-using-rdp-files/"
eu-southeast-1-aws.s3-ua.cloud,APT29-Midnight Blizzard Phishing Campaign Leverages Malicious RDP Files,"https://cert.gov.ua/article/6281076, https://www.microsoft.com/en-us/security/blog/2024/10/29/midnight-blizzard-conducts-large-scale-spear-phishing-campaign-using-rdp-files/"
eu-southeast-1-aws.ua-energy.cloud,APT29-Midnight Blizzard Phishing Campaign Leverages Malicious RDP Files,"https://cert.gov.ua/article/6281076, https://www.microsoft.com/en-us/security/blog/2024/10/29/midnight-blizzard-conducts-large-scale-spear-phishing-campaign-using-rdp-files/"
eu-west-1.aws-ukraine.cloud,APT29-Midnight Blizzard Phishing Campaign Leverages Malicious RDP Files,"https://cert.gov.ua/article/6281076, https://www.microsoft.com/en-us/security/blog/2024/10/29/midnight-blizzard-conducts-large-scale-spear-phishing-campaign-using-rdp-files/"
eu-west-1.gov-sk.cloud,APT29-Midnight Blizzard Phishing Campaign Leverages Malicious RDP Files,"https://cert.gov.ua/article/6281076, https://www.microsoft.com/en-us/security/blog/2024/10/29/midnight-blizzard-conducts-large-scale-spear-phishing-campaign-using-rdp-files/"
eu-west-1.mil-be.cloud,APT29-Midnight Blizzard Phishing Campaign Leverages Malicious RDP Files,"https://cert.gov.ua/article/6281076, https://www.microsoft.com/en-us/security/blog/2024/10/29/midnight-blizzard-conducts-large-scale-spear-phishing-campaign-using-rdp-files/"
eu-west-1.mil-pl.cloud,APT29-Midnight Blizzard Phishing Campaign Leverages Malicious RDP Files,"https://cert.gov.ua/article/6281076, https://www.microsoft.com/en-us/security/blog/2024/10/29/midnight-blizzard-conducts-large-scale-spear-phishing-campaign-using-rdp-files/"
eu-west-1.s3-de.cloud,APT29-Midnight Blizzard Phishing Campaign Leverages Malicious RDP Files,"https://cert.gov.ua/article/6281076, https://www.microsoft.com/en-us/security/blog/2024/10/29/midnight-blizzard-conducts-large-scale-spear-phishing-campaign-using-rdp-files/"
eu-west-1.s3-esa.cloud,APT29-Midnight Blizzard Phishing Campaign Leverages Malicious RDP Files,"https://cert.gov.ua/article/6281076, https://www.microsoft.com/en-us/security/blog/2024/10/29/midnight-blizzard-conducts-large-scale-spear-phishing-campaign-using-rdp-files/"
eu-west-1.s3-ua.cloud,APT29-Midnight Blizzard Phishing Campaign Leverages Malicious RDP Files,"https://cert.gov.ua/article/6281076, https://www.microsoft.com/en-us/security/blog/2024/10/29/midnight-blizzard-conducts-large-scale-spear-phishing-campaign-using-rdp-files/"
eu-west-1.ua-gov.cloud,APT29-Midnight Blizzard Phishing Campaign Leverages Malicious RDP Files,"https://cert.gov.ua/article/6281076, https://www.microsoft.com/en-us/security/blog/2024/10/29/midnight-blizzard-conducts-large-scale-spear-phishing-campaign-using-rdp-files/"
eu-west-1.ukrtelecom.cloud,APT29-Midnight Blizzard Phishing Campaign Leverages Malicious RDP Files,"https://cert.gov.ua/article/6281076, https://www.microsoft.com/en-us/security/blog/2024/10/29/midnight-blizzard-conducts-large-scale-spear-phishing-campaign-using-rdp-files/"
eu-west-1-aws.aws-ukraine.cloud,APT29-Midnight Blizzard Phishing Campaign Leverages Malicious RDP Files,"https://cert.gov.ua/article/6281076, https://www.microsoft.com/en-us/security/blog/2024/10/29/midnight-blizzard-conducts-large-scale-spear-phishing-campaign-using-rdp-files/"
eu-west-1-aws.gov-pl.cloud,APT29-Midnight Blizzard Phishing Campaign Leverages Malicious RDP Files,"https://cert.gov.ua/article/6281076, https://www.microsoft.com/en-us/security/blog/2024/10/29/midnight-blizzard-conducts-large-scale-spear-phishing-campaign-using-rdp-files/"
eu-west-1-aws.gov-sk.cloud,APT29-Midnight Blizzard Phishing Campaign Leverages Malicious RDP Files,"https://cert.gov.ua/article/6281076, https://www.microsoft.com/en-us/security/blog/2024/10/29/midnight-blizzard-conducts-large-scale-spear-phishing-campaign-using-rdp-files/"
eu-west-1-aws.gov-trust.cloud,APT29-Midnight Blizzard Phishing Campaign Leverages Malicious RDP Files,"https://cert.gov.ua/article/6281076, https://www.microsoft.com/en-us/security/blog/2024/10/29/midnight-blizzard-conducts-large-scale-spear-phishing-campaign-using-rdp-files/"
eu-west-1-aws.gov-ua.cloud,APT29-Midnight Blizzard Phishing Campaign Leverages Malicious RDP Files,"https://cert.gov.ua/article/6281076, https://www.microsoft.com/en-us/security/blog/2024/10/29/midnight-blizzard-conducts-large-scale-spear-phishing-campaign-using-rdp-files/"
eu-west-1-aws.mil-be.cloud,APT29-Midnight Blizzard Phishing Campaign Leverages Malicious RDP Files,"https://cert.gov.ua/article/6281076, https://www.microsoft.com/en-us/security/blog/2024/10/29/midnight-blizzard-conducts-large-scale-spear-phishing-campaign-using-rdp-files/"
eu-west-1-aws.mil-pl.cloud,APT29-Midnight Blizzard Phishing Campaign Leverages Malicious RDP Files,"https://cert.gov.ua/article/6281076, https://www.microsoft.com/en-us/security/blog/2024/10/29/midnight-blizzard-conducts-large-scale-spear-phishing-campaign-using-rdp-files/"
eu-west-1-aws.s3-be.cloud,APT29-Midnight Blizzard Phishing Campaign Leverages Malicious RDP Files,"https://cert.gov.ua/article/6281076, https://www.microsoft.com/en-us/security/blog/2024/10/29/midnight-blizzard-conducts-large-scale-spear-phishing-campaign-using-rdp-files/"
eu-west-1-aws.s3-de.cloud,APT29-Midnight Blizzard Phishing Campaign Leverages Malicious RDP Files,"https://cert.gov.ua/article/6281076, https://www.microsoft.com/en-us/security/blog/2024/10/29/midnight-blizzard-conducts-large-scale-spear-phishing-campaign-using-rdp-files/"
eu-west-1-aws.s3-esa.cloud,APT29-Midnight Blizzard Phishing Campaign Leverages Malicious RDP Files,"https://cert.gov.ua/article/6281076, https://www.microsoft.com/en-us/security/blog/2024/10/29/midnight-blizzard-conducts-large-scale-spear-phishing-campaign-using-rdp-files/"
eu-west-1-aws.s3-nato.cloud,APT29-Midnight Blizzard Phishing Campaign Leverages Malicious RDP Files,"https://cert.gov.ua/article/6281076, https://www.microsoft.com/en-us/security/blog/2024/10/29/midnight-blizzard-conducts-large-scale-spear-phishing-campaign-using-rdp-files/"
eu-west-1-aws.ua-sec.cloud,APT29-Midnight Blizzard Phishing Campaign Leverages Malicious RDP Files,"https://cert.gov.ua/article/6281076, https://www.microsoft.com/en-us/security/blog/2024/10/29/midnight-blizzard-conducts-large-scale-spear-phishing-campaign-using-rdp-files/"
eu-west-2-aws.gov-pl.cloud,APT29-Midnight Blizzard Phishing Campaign Leverages Malicious RDP Files,"https://cert.gov.ua/article/6281076, https://www.microsoft.com/en-us/security/blog/2024/10/29/midnight-blizzard-conducts-large-scale-spear-phishing-campaign-using-rdp-files/"
eu-west-2-aws.gov-sk.cloud,APT29-Midnight Blizzard Phishing Campaign Leverages Malicious RDP Files,"https://cert.gov.ua/article/6281076, https://www.microsoft.com/en-us/security/blog/2024/10/29/midnight-blizzard-conducts-large-scale-spear-phishing-campaign-using-rdp-files/"
eu-west-2-aws.mil-be.cloud,APT29-Midnight Blizzard Phishing Campaign Leverages Malicious RDP Files,"https://cert.gov.ua/article/6281076, https://www.microsoft.com/en-us/security/blog/2024/10/29/midnight-blizzard-conducts-large-scale-spear-phishing-campaign-using-rdp-files/"
eu-west-2-aws.mil-pl.cloud,APT29-Midnight Blizzard Phishing Campaign Leverages Malicious RDP Files,"https://cert.gov.ua/article/6281076, https://www.microsoft.com/en-us/security/blog/2024/10/29/midnight-blizzard-conducts-large-scale-spear-phishing-campaign-using-rdp-files/"
eu-west-2-aws.s3-be.cloud,APT29-Midnight Blizzard Phishing Campaign Leverages Malicious RDP Files,"https://cert.gov.ua/article/6281076, https://www.microsoft.com/en-us/security/blog/2024/10/29/midnight-blizzard-conducts-large-scale-spear-phishing-campaign-using-rdp-files/"
eu-west-2-aws.s3-de.cloud,APT29-Midnight Blizzard Phishing Campaign Leverages Malicious RDP Files,"https://cert.gov.ua/article/6281076, https://www.microsoft.com/en-us/security/blog/2024/10/29/midnight-blizzard-conducts-large-scale-spear-phishing-campaign-using-rdp-files/"
eu-west-2-aws.s3-esa.cloud,APT29-Midnight Blizzard Phishing Campaign Leverages Malicious RDP Files,"https://cert.gov.ua/article/6281076, https://www.microsoft.com/en-us/security/blog/2024/10/29/midnight-blizzard-conducts-large-scale-spear-phishing-campaign-using-rdp-files/"
eu-west-2-aws.s3-nato.cloud,APT29-Midnight Blizzard Phishing Campaign Leverages Malicious RDP Files,"https://cert.gov.ua/article/6281076, https://www.microsoft.com/en-us/security/blog/2024/10/29/midnight-blizzard-conducts-large-scale-spear-phishing-campaign-using-rdp-files/"
eu-west-2-aws.s3-ua.cloud,APT29-Midnight Blizzard Phishing Campaign Leverages Malicious RDP Files,"https://cert.gov.ua/article/6281076, https://www.microsoft.com/en-us/security/blog/2024/10/29/midnight-blizzard-conducts-large-scale-spear-phishing-campaign-using-rdp-files/"
eu-west-2-aws.ua-sec.cloud,APT29-Midnight Blizzard Phishing Campaign Leverages Malicious RDP Files,"https://cert.gov.ua/article/6281076, https://www.microsoft.com/en-us/security/blog/2024/10/29/midnight-blizzard-conducts-large-scale-spear-phishing-campaign-using-rdp-files/"
eu-west-3.aws-ukraine.cloud,APT29-Midnight Blizzard Phishing Campaign Leverages Malicious RDP Files,"https://cert.gov.ua/article/6281076, https://www.microsoft.com/en-us/security/blog/2024/10/29/midnight-blizzard-conducts-large-scale-spear-phishing-campaign-using-rdp-files/"
eu-west-3.mil-be.cloud,APT29-Midnight Blizzard Phishing Campaign Leverages Malicious RDP Files,"https://cert.gov.ua/article/6281076, https://www.microsoft.com/en-us/security/blog/2024/10/29/midnight-blizzard-conducts-large-scale-spear-phishing-campaign-using-rdp-files/"
eu-west-3.mil-pl.cloud,APT29-Midnight Blizzard Phishing Campaign Leverages Malicious RDP Files,"https://cert.gov.ua/article/6281076, https://www.microsoft.com/en-us/security/blog/2024/10/29/midnight-blizzard-conducts-large-scale-spear-phishing-campaign-using-rdp-files/"
eu-west-3.s3-be.cloud,APT29-Midnight Blizzard Phishing Campaign Leverages Malicious RDP Files,"https://cert.gov.ua/article/6281076, https://www.microsoft.com/en-us/security/blog/2024/10/29/midnight-blizzard-conducts-large-scale-spear-phishing-campaign-using-rdp-files/"
eu-west-3.s3-ua.cloud,APT29-Midnight Blizzard Phishing Campaign Leverages Malicious RDP Files,"https://cert.gov.ua/article/6281076, https://www.microsoft.com/en-us/security/blog/2024/10/29/midnight-blizzard-conducts-large-scale-spear-phishing-campaign-using-rdp-files/"
eu-west-3.ukrtelecom.cloud,APT29-Midnight Blizzard Phishing Campaign Leverages Malicious RDP Files,"https://cert.gov.ua/article/6281076, https://www.microsoft.com/en-us/security/blog/2024/10/29/midnight-blizzard-conducts-large-scale-spear-phishing-campaign-using-rdp-files/"
eu-west-3-aws.aws-ukraine.cloud,APT29-Midnight Blizzard Phishing Campaign Leverages Malicious RDP Files,"https://cert.gov.ua/article/6281076, https://www.microsoft.com/en-us/security/blog/2024/10/29/midnight-blizzard-conducts-large-scale-spear-phishing-campaign-using-rdp-files/"
eu-west-3-aws.gov-pl.cloud,APT29-Midnight Blizzard Phishing Campaign Leverages Malicious RDP Files,"https://cert.gov.ua/article/6281076, https://www.microsoft.com/en-us/security/blog/2024/10/29/midnight-blizzard-conducts-large-scale-spear-phishing-campaign-using-rdp-files/"
eu-west-3-aws.gov-sk.cloud,APT29-Midnight Blizzard Phishing Campaign Leverages Malicious RDP Files,"https://cert.gov.ua/article/6281076, https://www.microsoft.com/en-us/security/blog/2024/10/29/midnight-blizzard-conducts-large-scale-spear-phishing-campaign-using-rdp-files/"
eu-west-3-aws.gov-trust.cloud,APT29-Midnight Blizzard Phishing Campaign Leverages Malicious RDP Files,"https://cert.gov.ua/article/6281076, https://www.microsoft.com/en-us/security/blog/2024/10/29/midnight-blizzard-conducts-large-scale-spear-phishing-campaign-using-rdp-files/"
eu-west-3-aws.mil-be.cloud,APT29-Midnight Blizzard Phishing Campaign Leverages Malicious RDP Files,"https://cert.gov.ua/article/6281076, https://www.microsoft.com/en-us/security/blog/2024/10/29/midnight-blizzard-conducts-large-scale-spear-phishing-campaign-using-rdp-files/"
eu-west-3-aws.mil-pl.cloud,APT29-Midnight Blizzard Phishing Campaign Leverages Malicious RDP Files,"https://cert.gov.ua/article/6281076, https://www.microsoft.com/en-us/security/blog/2024/10/29/midnight-blizzard-conducts-large-scale-spear-phishing-campaign-using-rdp-files/"
eu-west-3-aws.mil-pt.cloud,APT29-Midnight Blizzard Phishing Campaign Leverages Malicious RDP Files,"https://cert.gov.ua/article/6281076, https://www.microsoft.com/en-us/security/blog/2024/10/29/midnight-blizzard-conducts-large-scale-spear-phishing-campaign-using-rdp-files/"
eu-west-3-aws.s3-be.cloud,APT29-Midnight Blizzard Phishing Campaign Leverages Malicious RDP Files,"https://cert.gov.ua/article/6281076, https://www.microsoft.com/en-us/security/blog/2024/10/29/midnight-blizzard-conducts-large-scale-spear-phishing-campaign-using-rdp-files/"
eu-west-3-aws.s3-ua.cloud,APT29-Midnight Blizzard Phishing Campaign Leverages Malicious RDP Files,"https://cert.gov.ua/article/6281076, https://www.microsoft.com/en-us/security/blog/2024/10/29/midnight-blizzard-conducts-large-scale-spear-phishing-campaign-using-rdp-files/"
eu-west-3-aws.ua-mil.cloud,APT29-Midnight Blizzard Phishing Campaign Leverages Malicious RDP Files,"https://cert.gov.ua/article/6281076, https://www.microsoft.com/en-us/security/blog/2024/10/29/midnight-blizzard-conducts-large-scale-spear-phishing-campaign-using-rdp-files/"
us-east-1-aws.s3-ua.cloud,APT29-Midnight Blizzard Phishing Campaign Leverages Malicious RDP Files,"https://cert.gov.ua/article/6281076, https://www.microsoft.com/en-us/security/blog/2024/10/29/midnight-blizzard-conducts-large-scale-spear-phishing-campaign-using-rdp-files/"
us-east-1-aws.ua-gov.cloud,APT29-Midnight Blizzard Phishing Campaign Leverages Malicious RDP Files,"https://cert.gov.ua/article/6281076, https://www.microsoft.com/en-us/security/blog/2024/10/29/midnight-blizzard-conducts-large-scale-spear-phishing-campaign-using-rdp-files/"
us-east-1-aws.ua-sec.cloud,APT29-Midnight Blizzard Phishing Campaign Leverages Malicious RDP Files,"https://cert.gov.ua/article/6281076, https://www.microsoft.com/en-us/security/blog/2024/10/29/midnight-blizzard-conducts-large-scale-spear-phishing-campaign-using-rdp-files/"
us-east-2.aws-ukraine.cloud,APT29-Midnight Blizzard Phishing Campaign Leverages Malicious RDP Files,"https://cert.gov.ua/article/6281076, https://www.microsoft.com/en-us/security/blog/2024/10/29/midnight-blizzard-conducts-large-scale-spear-phishing-campaign-using-rdp-files/"
us-east-2.gov-ua.cloud,APT29-Midnight Blizzard Phishing Campaign Leverages Malicious RDP Files,"https://cert.gov.ua/article/6281076, https://www.microsoft.com/en-us/security/blog/2024/10/29/midnight-blizzard-conducts-large-scale-spear-phishing-campaign-using-rdp-files/"
us-east-2.ua-sec.cloud,APT29-Midnight Blizzard Phishing Campaign Leverages Malicious RDP Files,"https://cert.gov.ua/article/6281076, https://www.microsoft.com/en-us/security/blog/2024/10/29/midnight-blizzard-conducts-large-scale-spear-phishing-campaign-using-rdp-files/"
us-east-2-aws.gov-ua.cloud,APT29-Midnight Blizzard Phishing Campaign Leverages Malicious RDP Files,"https://cert.gov.ua/article/6281076, https://www.microsoft.com/en-us/security/blog/2024/10/29/midnight-blizzard-conducts-large-scale-spear-phishing-campaign-using-rdp-files/"
us-east-2-aws.ukrtelecom.cloud,APT29-Midnight Blizzard Phishing Campaign Leverages Malicious RDP Files,"https://cert.gov.ua/article/6281076, https://www.microsoft.com/en-us/security/blog/2024/10/29/midnight-blizzard-conducts-large-scale-spear-phishing-campaign-using-rdp-files/"
us-east-console.aws-ukraine.cloud,APT29-Midnight Blizzard Phishing Campaign Leverages Malicious RDP Files,"https://cert.gov.ua/article/6281076, https://www.microsoft.com/en-us/security/blog/2024/10/29/midnight-blizzard-conducts-large-scale-spear-phishing-campaign-using-rdp-files/"
us-east-console.ua-energy.cloud,APT29-Midnight Blizzard Phishing Campaign Leverages Malicious RDP Files,"https://cert.gov.ua/article/6281076, https://www.microsoft.com/en-us/security/blog/2024/10/29/midnight-blizzard-conducts-large-scale-spear-phishing-campaign-using-rdp-files/"
us-west-1.ua-energy.cloud,APT29-Midnight Blizzard Phishing Campaign Leverages Malicious RDP Files,"https://cert.gov.ua/article/6281076, https://www.microsoft.com/en-us/security/blog/2024/10/29/midnight-blizzard-conducts-large-scale-spear-phishing-campaign-using-rdp-files/"
us-west-1.ua-gov.cloud,APT29-Midnight Blizzard Phishing Campaign Leverages Malicious RDP Files,"https://cert.gov.ua/article/6281076, https://www.microsoft.com/en-us/security/blog/2024/10/29/midnight-blizzard-conducts-large-scale-spear-phishing-campaign-using-rdp-files/"
us-west-1-amazon.ua-mil.cloud,APT29-Midnight Blizzard Phishing Campaign Leverages Malicious RDP Files,"https://cert.gov.ua/article/6281076, https://www.microsoft.com/en-us/security/blog/2024/10/29/midnight-blizzard-conducts-large-scale-spear-phishing-campaign-using-rdp-files/"
us-west-1-amazon.ua-sec.cloud,APT29-Midnight Blizzard Phishing Campaign Leverages Malicious RDP Files,"https://cert.gov.ua/article/6281076, https://www.microsoft.com/en-us/security/blog/2024/10/29/midnight-blizzard-conducts-large-scale-spear-phishing-campaign-using-rdp-files/"
us-west-1-aws.gov-ua.cloud,APT29-Midnight Blizzard Phishing Campaign Leverages Malicious RDP Files,"https://cert.gov.ua/article/6281076, https://www.microsoft.com/en-us/security/blog/2024/10/29/midnight-blizzard-conducts-large-scale-spear-phishing-campaign-using-rdp-files/"
us-west-2.gov-ua.cloud,APT29-Midnight Blizzard Phishing Campaign Leverages Malicious RDP Files,"https://cert.gov.ua/article/6281076, https://www.microsoft.com/en-us/security/blog/2024/10/29/midnight-blizzard-conducts-large-scale-spear-phishing-campaign-using-rdp-files/"
us-west-2.ua-energy.cloud,APT29-Midnight Blizzard Phishing Campaign Leverages Malicious RDP Files,"https://cert.gov.ua/article/6281076, https://www.microsoft.com/en-us/security/blog/2024/10/29/midnight-blizzard-conducts-large-scale-spear-phishing-campaign-using-rdp-files/"
us-west-2.ua-sec.cloud,APT29-Midnight Blizzard Phishing Campaign Leverages Malicious RDP Files,"https://cert.gov.ua/article/6281076, https://www.microsoft.com/en-us/security/blog/2024/10/29/midnight-blizzard-conducts-large-scale-spear-phishing-campaign-using-rdp-files/"
us-west-2-aws.s3-ua.cloud,APT29-Midnight Blizzard Phishing Campaign Leverages Malicious RDP Files,"https://cert.gov.ua/article/6281076, https://www.microsoft.com/en-us/security/blog/2024/10/29/midnight-blizzard-conducts-large-scale-spear-phishing-campaign-using-rdp-files/"
us-west-2-aws.ua-energy.cloud,APT29-Midnight Blizzard Phishing Campaign Leverages Malicious RDP Files,"https://cert.gov.ua/article/6281076, https://www.microsoft.com/en-us/security/blog/2024/10/29/midnight-blizzard-conducts-large-scale-spear-phishing-campaign-using-rdp-files/"
